# This file uses centimeters as units for non-parametric coordinates.

mtllib fork_spoon.mtl
g default
v -0.065058 0.135447 -6.485484
v 0.597435 0.135447 -6.485484
v -0.065058 0.043653 -6.484639
v 0.597435 0.043653 -6.484639
v -0.233812 0.127129 0.978547
v -0.233812 0.035335 0.979391
v 0.766188 0.035335 0.979391
v 0.766188 0.127129 0.978547
v 0.516188 0.127129 0.978547
v 0.431811 0.135447 -6.485484
v 0.431811 0.043653 -6.484639
v 0.516188 0.035335 0.979391
v 0.266188 0.127129 0.978546
v 0.266188 0.135447 -6.485484
v 0.266188 0.043653 -6.484639
v 0.266188 0.035335 0.979390
v 0.016188 0.127129 0.978546
v 0.100565 0.135447 -6.485484
v 0.100565 0.043653 -6.484639
v 0.016188 0.035335 0.979391
v -0.124128 0.586420 3.318521
v -0.093496 0.586420 3.318521
v -0.093496 0.643713 3.317995
v -0.124128 0.643713 3.317995
v 0.124714 0.584834 3.315516
v 0.124714 0.645299 3.314960
v 0.157663 0.584834 3.315516
v 0.157663 0.645299 3.314960
v 0.625238 0.645365 3.308824
v 0.625238 0.584768 3.309382
v 0.657139 0.584768 3.309382
v 0.657139 0.645365 3.308824
v 0.374987 0.645033 3.306161
v 0.374987 0.585101 3.306712
v 0.407390 0.585101 3.306712
v 0.407390 0.645033 3.306161
v 0.600718 0.181119 -5.702972
v 0.436817 0.181119 -5.702972
v 0.266434 0.181119 -5.702972
v 0.096050 0.181119 -5.702972
v -0.067612 0.181119 -5.702972
v -0.067612 0.089324 -5.702127
v 0.096050 0.089324 -5.702127
v 0.266434 0.089324 -5.702127
v 0.436817 0.089324 -5.702127
v 0.600718 0.089324 -5.702127
v 0.037141 0.326492 0.340311
v 0.016153 0.298029 0.389748
v -0.005205 0.271557 0.440057
v -0.026841 0.247190 0.491021
v -0.048686 0.225009 0.542478
v -0.070698 0.205062 0.594328
v -0.092860 0.187372 0.646531
v -0.115181 0.171934 0.699108
v -0.137695 0.158725 0.752143
v -0.137695 0.066931 0.752986
v -0.115181 0.080140 0.699952
v -0.092860 0.095577 0.647375
v -0.070698 0.113268 0.595172
v -0.048686 0.133214 0.543322
v -0.026841 0.155396 0.491865
v -0.005205 0.179763 0.440901
v 0.016153 0.206235 0.390592
v 0.037141 0.234698 0.341155
v 0.057337 0.065557 0.759035
v 0.067453 0.079003 0.704864
v 0.077465 0.094602 0.651253
v 0.087356 0.112330 0.598285
v 0.097112 0.132160 0.546043
v 0.106717 0.154061 0.494606
v 0.116157 0.177999 0.444053
v 0.125418 0.203938 0.394464
v 0.134484 0.231837 0.345914
v 0.266681 0.065465 0.759439
v 0.266803 0.078928 0.705186
v 0.266923 0.094536 0.651511
v 0.267041 0.112264 0.598500
v 0.267159 0.132086 0.546234
v 0.267274 0.153968 0.494798
v 0.267387 0.177878 0.444272
v 0.267498 0.203777 0.394735
v 0.267607 0.231624 0.346268
v 0.476030 0.065553 0.759055
v 0.466156 0.078999 0.704879
v 0.456384 0.094599 0.651265
v 0.446730 0.112327 0.598295
v 0.437208 0.132156 0.546051
v 0.427833 0.154056 0.494614
v 0.418620 0.177993 0.444063
v 0.409582 0.203930 0.394476
v 0.400734 0.231827 0.345930
v 0.671690 0.066836 0.753404
v 0.649476 0.080065 0.700283
v 0.627456 0.095520 0.647622
v 0.605597 0.113225 0.595348
v 0.583892 0.133181 0.543444
v 0.562360 0.155366 0.491951
v 0.541042 0.179731 0.440969
v 0.520003 0.206199 0.390655
v 0.499331 0.234658 0.341221
v 0.671748 0.158599 0.752700
v 0.649520 0.171836 0.699544
v 0.627485 0.187302 0.646849
v 0.605612 0.205018 0.594541
v 0.583894 0.224987 0.542602
v 0.562347 0.247186 0.491076
v 0.541015 0.271568 0.440061
v 0.519962 0.298053 0.389714
v 0.499277 0.326531 0.340248
v 0.476030 0.157347 0.758210
v 0.466156 0.170794 0.704035
v 0.456384 0.186393 0.650421
v 0.446730 0.204121 0.597451
v 0.437208 0.223951 0.545208
v 0.427833 0.245851 0.493771
v 0.418620 0.269788 0.443220
v 0.409582 0.295724 0.393632
v 0.400734 0.323621 0.345086
v 0.266681 0.157259 0.758595
v 0.266803 0.170722 0.704342
v 0.266923 0.186330 0.650667
v 0.267041 0.204058 0.597655
v 0.267159 0.223880 0.545390
v 0.267274 0.245763 0.493953
v 0.267387 0.269672 0.443427
v 0.267498 0.295571 0.393891
v 0.267607 0.323418 0.345424
v 0.057337 0.157351 0.758191
v 0.067453 0.170797 0.704020
v 0.077465 0.186396 0.650409
v 0.087356 0.204124 0.597441
v 0.097112 0.223954 0.545199
v 0.106717 0.245855 0.493761
v 0.116157 0.269793 0.443209
v 0.125418 0.295732 0.393619
v 0.134484 0.323631 0.345069
v -0.078431 0.547657 3.032309
v -0.063095 0.453943 2.735681
v -0.048197 0.371170 2.435802
v -0.033758 0.299455 2.133090
v -0.019797 0.238894 1.827957
v -0.006333 0.189569 1.520809
v 0.006616 0.151545 1.212046
v 0.006628 0.062727 1.212561
v -0.006320 0.104804 1.521282
v -0.019774 0.158286 1.828221
v -0.033715 0.223102 2.132968
v -0.048126 0.299162 2.435112
v -0.062986 0.386362 2.734233
v -0.078275 0.484577 3.029908
v -0.224251 0.062727 1.212561
v -0.211304 0.104804 1.521283
v -0.197850 0.158286 1.828221
v -0.183908 0.223102 2.132968
v -0.169497 0.299162 2.435113
v -0.154637 0.386362 2.734234
v -0.139349 0.484577 3.029908
v -0.224239 0.151545 1.212046
v -0.211290 0.189569 1.520810
v -0.197827 0.238894 1.827958
v -0.183866 0.299455 2.133091
v -0.169426 0.371170 2.435802
v -0.154528 0.453943 2.735681
v -0.139192 0.547657 3.032310
v 0.110121 0.550944 3.035798
v 0.094922 0.456754 2.739267
v 0.080157 0.373521 2.439464
v 0.065846 0.301362 2.136806
v 0.052009 0.240375 1.831706
v 0.038665 0.190642 1.524573
v 0.025829 0.152229 1.215807
v 0.256547 0.152229 1.215806
v 0.243712 0.190642 1.524572
v 0.230367 0.240375 1.831706
v 0.216530 0.301362 2.136806
v 0.202219 0.373521 2.439464
v 0.187454 0.456754 2.739268
v 0.172256 0.550944 3.035799
v 0.256558 0.063186 1.216353
v 0.243724 0.105286 1.525080
v 0.230388 0.158801 1.832022
v 0.216568 0.223658 2.136770
v 0.202283 0.299769 2.438910
v 0.187553 0.387027 2.738024
v 0.172397 0.485310 3.033685
v 0.025818 0.063186 1.216354
v 0.038652 0.105287 1.525081
v 0.051988 0.158801 1.832022
v 0.065808 0.223658 2.136770
v 0.080093 0.299769 2.438911
v 0.094824 0.387027 2.738024
v 0.109979 0.485310 3.033685
v 0.360798 0.553465 3.036700
v 0.345495 0.458799 2.740276
v 0.330630 0.375131 2.440550
v 0.316222 0.302578 2.137942
v 0.302292 0.241242 1.832869
v 0.288858 0.191204 1.525742
v 0.275939 0.152532 1.216966
v 0.506437 0.152532 1.216966
v 0.493518 0.191204 1.525743
v 0.480085 0.241242 1.832870
v 0.466155 0.302578 2.137942
v 0.451747 0.375131 2.440550
v 0.436881 0.458799 2.740276
v 0.421578 0.553465 3.036701
v 0.506449 0.063560 1.217507
v 0.493531 0.105998 1.526243
v 0.480106 0.159896 1.833173
v 0.466194 0.225184 2.137884
v 0.451813 0.301770 2.439960
v 0.436983 0.389547 2.738978
v 0.421725 0.488390 3.034510
v 0.275928 0.063560 1.217507
v 0.288846 0.105998 1.526242
v 0.302270 0.159896 1.833172
v 0.316182 0.225184 2.137884
v 0.330564 0.301770 2.439960
v 0.345394 0.389547 2.738978
v 0.360652 0.488390 3.034510
v 0.610802 0.552435 3.034879
v 0.595487 0.457924 2.738422
v 0.580609 0.374401 2.438670
v 0.566188 0.301981 2.136047
v 0.552246 0.240766 1.830966
v 0.538801 0.190837 1.523837
v 0.525870 0.152261 1.215064
v 0.756506 0.152261 1.215064
v 0.743575 0.190837 1.523837
v 0.730130 0.240766 1.830966
v 0.716188 0.301981 2.136047
v 0.701768 0.374401 2.438670
v 0.686890 0.457924 2.738422
v 0.671574 0.552435 3.034879
v 0.756517 0.063204 1.215611
v 0.743588 0.105461 1.524345
v 0.730151 0.159165 1.831282
v 0.716227 0.224244 2.136010
v 0.701832 0.300608 2.438116
v 0.686989 0.388151 2.737175
v 0.671717 0.486746 3.032761
v 0.525859 0.063204 1.215611
v 0.538789 0.105461 1.524345
v 0.552225 0.159165 1.831282
v 0.566150 0.224244 2.136010
v 0.580544 0.300608 2.438116
v 0.595388 0.388151 2.737175
v 0.610659 0.486746 3.032761
v 0.162972 0.504811 -0.156986
v 0.161914 0.503270 -0.068463
v 0.151418 0.488374 0.019312
v 0.131811 0.460586 0.104204
v 0.103894 0.421039 0.183071
v 0.162972 0.413016 -0.156142
v 0.161914 0.411476 -0.067619
v 0.151418 0.396580 0.020156
v 0.131811 0.368792 0.105048
v 0.103894 0.329245 0.183915
v 0.190945 0.413040 -0.155736
v 0.190424 0.411620 -0.067358
v 0.185864 0.397126 0.019718
v 0.177376 0.369908 0.103385
v 0.165164 0.330625 0.181620
v 0.375306 0.413014 -0.156181
v 0.376372 0.411476 -0.067631
v 0.386727 0.396582 0.020156
v 0.406051 0.368792 0.105052
v 0.433566 0.329226 0.183948
v 0.375306 0.504808 -0.157024
v 0.376372 0.503270 -0.068474
v 0.386727 0.488376 0.019312
v 0.406051 0.460586 0.104208
v 0.433566 0.421020 0.183104
v 0.345578 0.504837 -0.156527
v 0.346107 0.503415 -0.068165
v 0.350573 0.488916 0.018899
v 0.358869 0.461690 0.102567
v 0.370795 0.422392 0.180821
v 0.268262 0.504900 -0.155447
v 0.268266 0.503434 -0.067408
v 0.268218 0.488834 0.019425
v 0.268119 0.461429 0.103103
v 0.267973 0.421834 0.181749
v 0.345578 0.413043 -0.155683
v 0.346107 0.411621 -0.067321
v 0.350573 0.397122 0.019743
v 0.358869 0.369896 0.103411
v 0.370795 0.330598 0.181665
v 0.190945 0.504834 -0.156580
v 0.190424 0.503414 -0.068202
v 0.185864 0.488920 0.018874
v 0.177376 0.461702 0.102541
v 0.165164 0.422420 0.180776
v 0.268262 0.413106 -0.154603
v 0.268266 0.411640 -0.066564
v 0.268218 0.397040 0.020269
v 0.268119 0.369635 0.103947
v 0.267973 0.330040 0.182593
vt 0.375000 0.500000
vt 0.625000 0.500000
vt 0.375000 0.750000
vt 0.625000 0.750000
vt 0.875000 0.000000
vt 0.875000 0.250000
vt 0.125000 0.000000
vt 0.125000 0.250000
vt 0.562500 0.500000
vt 0.562500 0.750000
vt 0.500000 0.500000
vt 0.500000 0.750000
vt 0.437500 0.500000
vt 0.437500 0.750000
vt 0.625000 0.480627
vt 0.144373 0.250000
vt 0.375000 0.769373
vt 0.855627 0.000000
vt 0.301408 0.250000
vt 0.292786 0.000019
vt 0.301408 0.000000
vt 0.306148 0.000000
vt 0.437500 0.926535
vt 0.693852 0.250000
vt 0.698580 0.250000
vt 0.375000 0.318852
vt 0.375000 0.323592
vt 0.562500 0.323465
vt 0.625000 0.926417
vt 0.625000 0.931148
vt 0.500000 0.323457
vt 0.562500 0.926535
vt 0.437500 0.323465
vt 0.500000 0.926543
vt 0.375000 0.926408
vt 0.625000 0.917787
vt 0.707215 0.250000
vt 0.698583 0.000000
vt 0.625000 0.323580
vt 0.375000 0.332214
vt 0.375000 0.331053
vt -0.000000 -0.000000
vt 0.375000 0.329970
vt -0.000000 -0.000000
vt 0.375000 0.328972
vt -0.000000 -0.000000
vt 0.375000 0.328061
vt 0.296939 0.250000
vt 0.375000 0.326726
vt 0.298274 0.250000
vt 0.375000 0.325537
vt 0.299463 0.250000
vt 0.375000 0.324493
vt 0.300507 0.250000
vt 0.375000 0.925507
vt 0.300507 -0.000000
vt 0.375000 0.924463
vt 0.299463 -0.000000
vt 0.375000 0.923274
vt 0.298274 -0.000000
vt 0.375000 0.921939
vt 0.296939 0.000000
vt 0.375000 0.921028
vt -0.000000 -0.000000
vt 0.375000 0.920030
vt -0.000000 -0.000000
vt 0.375000 0.918947
vt -0.000000 -0.000000
vt 0.435784 0.925600
vt 0.434806 0.924530
vt 0.434609 0.923318
vt 0.437500 0.921939
vt 0.432665 0.921071
vt 0.431162 0.920098
vt 0.430702 0.919037
vt 0.499980 0.925608
vt 0.499961 0.924533
vt 0.499969 0.923315
vt 0.500000 0.921939
vt 0.499939 0.921070
vt 0.499930 0.920101
vt 0.500055 0.919043
vt 0.564124 0.925601
vt 0.565055 0.924530
vt 0.565255 0.923318
vt 0.562500 0.921939
vt 0.567151 0.921070
vt 0.568644 0.920098
vt 0.569437 0.919038
vt 0.698583 0.018420
vt 0.625000 0.925514
vt 0.698582 0.039757
vt 0.625000 0.924467
vt 0.698582 0.064051
vt 0.625000 0.923276
vt 0.703061 0.000000
vt 0.625000 0.921939
vt -0.000000 -0.000000
vt 0.625000 0.921028
vt -0.000000 -0.000000
vt 0.625000 0.920030
vt -0.000000 -0.000000
vt 0.625000 0.918948
vt 0.625000 0.324484
vt 0.698580 0.231568
vt 0.625000 0.325531
vt 0.698580 0.210217
vt 0.625000 0.326723
vt 0.698581 0.185907
vt 0.625000 0.328061
vt 0.703061 0.250000
vt 0.625000 0.328972
vt -0.000000 -0.000000
vt 0.625000 0.329971
vt -0.000000 -0.000000
vt 0.625000 0.331054
vt -0.000000 -0.000000
vt 0.564120 0.324399
vt 0.565038 0.325470
vt 0.565228 0.326682
vt 0.562500 0.328061
vt 0.567025 0.328929
vt 0.568409 0.329902
vt 0.568852 0.330962
vt 0.499948 0.324392
vt 0.499915 0.325466
vt 0.499912 0.326684
vt 0.500000 0.328061
vt 0.499784 0.328930
vt 0.499661 0.329899
vt 0.499534 0.330957
vt 0.435783 0.324400
vt 0.434792 0.325470
vt 0.434586 0.326682
vt 0.437500 0.328061
vt 0.432541 0.328929
vt 0.430927 0.329902
vt 0.430098 0.330962
vt 0.375000 0.931148
vt 0.437500 0.931148
vt 0.306148 0.250000
vt 0.437500 0.318852
vt 0.375000 0.931148
vt 0.306148 0.250000
vt 0.437500 0.931148
vt 0.437500 0.318852
vt 0.437500 0.931148
vt 0.500000 0.931141
vt 0.437500 0.318852
vt 0.500000 0.318852
vt 0.562500 0.318852
vt 0.693852 0.000000
vt 0.562500 0.931146
vt 0.625000 0.318852
vt 0.693852 0.000000
vt 0.625000 0.318852
vt 0.500000 0.931148
vt 0.500000 0.318852
vt 0.562500 0.931148
vt 0.500000 0.931148
vt 0.562500 0.318852
vt 0.562500 0.931148
vt 0.500000 0.318852
vt 0.562500 0.318852
vt 0.437500 0.318852
vt 0.437500 0.931148
vt 0.437500 0.931148
vt 0.375000 0.931148
vt 0.375000 0.931148
vt 0.306149 0.250003
vt 0.306148 0.250000
vt 0.437500 0.318852
vt 0.437500 0.318852
vt 0.500000 0.318852
vt 0.500000 0.318852
vt 0.500000 0.931148
vt 0.500000 0.931148
vt 0.437500 0.931148
vt 0.437500 0.931148
vt 0.437500 0.318852
vt 0.500000 0.318852
vt 0.562500 0.318852
vt 0.562500 0.318935
vt 0.562500 0.931148
vt 0.562500 0.931148
vt 0.500000 0.931148
vt 0.500000 0.931148
vt 0.500000 0.931107
vt 0.500000 0.318852
vt 0.562500 0.318852
vt 0.625000 0.318852
vt 0.625000 0.318852
vt 0.693852 0.000000
vt 0.693852 0.000000
vt 0.562500 0.931148
vt 0.562500 0.931148
vt 0.562500 0.931108
vt 0.562500 0.318852
vt 0.437500 0.318852
vt 0.437500 0.318852
vt 0.437500 0.318852
vt 0.437500 0.318852
vt 0.437500 0.318852
vt 0.437500 0.931148
vt 0.437500 0.931148
vt 0.437500 0.931148
vt 0.437500 0.931148
vt 0.437500 0.931148
vt 0.375000 0.931148
vt 0.375000 0.931148
vt 0.375000 0.931148
vt 0.375000 0.931148
vt 0.375000 0.931148
vt 0.306148 0.250000
vt 0.306148 0.250000
vt 0.306148 0.250000
vt 0.306148 0.250000
vt 0.306148 0.250000
vt 0.437500 0.318852
vt 0.437500 0.318852
vt 0.437500 0.318852
vt 0.437500 0.318852
vt 0.437500 0.318852
vt 0.500000 0.318852
vt 0.500000 0.318852
vt 0.500000 0.318852
vt 0.500000 0.318852
vt 0.500000 0.318852
vt 0.500000 0.931143
vt 0.500000 0.931145
vt 0.500000 0.931148
vt 0.500000 0.931148
vt 0.500000 0.931148
vt 0.437500 0.931148
vt 0.437500 0.931148
vt 0.437500 0.931148
vt 0.437500 0.931148
vt 0.437500 0.931148
vt 0.500000 0.318852
vt 0.500000 0.318852
vt 0.500000 0.318852
vt 0.500000 0.318852
vt 0.500000 0.318852
vt 0.562500 0.318852
vt 0.562500 0.318852
vt 0.562500 0.318852
vt 0.562500 0.318876
vt 0.562500 0.318903
vt 0.562500 0.931148
vt 0.562500 0.931148
vt 0.562500 0.931148
vt 0.562500 0.931148
vt 0.562500 0.931148
vt 0.500000 0.931148
vt 0.500000 0.931148
vt 0.500000 0.931148
vt 0.500000 0.931148
vt 0.500000 0.931148
vt 0.562500 0.318852
vt 0.562500 0.318852
vt 0.562500 0.318852
vt 0.562500 0.318852
vt 0.562500 0.318852
vt 0.625000 0.318852
vt 0.625000 0.318852
vt 0.625000 0.318852
vt 0.625000 0.318852
vt 0.625000 0.318852
vt 0.693852 -0.000000
vt 0.693852 -0.000000
vt 0.693852 0.000000
vt 0.693852 -0.000000
vt 0.693852 -0.000000
vt 0.562500 0.931147
vt 0.562500 0.931147
vt 0.562500 0.931148
vt 0.562500 0.931148
vt 0.562500 0.931148
vt 0.144373 0.000000
vt 0.281675 0.250000
vt 0.437500 0.769373
vt 0.375000 0.906675
vt 0.718326 0.000000
vt 0.855627 0.250000
vt 0.437500 0.343314
vt 0.375000 0.480627
vt 0.562500 0.480627
vt 0.625000 0.343325
vt 0.562500 0.906687
vt 0.625000 0.769373
vt 0.500000 0.480627
vt 0.562500 0.343313
vt 0.500000 0.906714
vt 0.562500 0.769373
vt 0.437500 0.480627
vt 0.500000 0.343256
vt 0.437500 0.906686
vt 0.500000 0.769373
vt 0.289494 0.000016
vt 0.292786 0.250000
vt 0.437500 0.914446
vt 0.375000 0.917786
vt 0.437500 0.917886
vt 0.500000 0.914466
vt 0.500000 0.917893
vt 0.562500 0.914447
vt 0.562500 0.917886
vt 0.625000 0.914495
vt 0.707212 0.000000
vt 0.710505 0.250000
vt 0.562500 0.335553
vt 0.625000 0.332215
vt 0.500000 0.335534
vt 0.562500 0.332114
vt 0.437500 0.335554
vt 0.500000 0.332107
vt 0.437500 0.332114
vt 0.375000 0.335506
vt 0.375000 0.343325
vt 0.289494 0.250000
vt 0.281675 0.000000
vt 0.375000 0.914493
vt 0.625000 0.906675
vt 0.710505 0.000000
vt 0.718324 0.250000
vt 0.625000 0.335505
vt 0.281675 0.243581
vt 0.375000 0.342707
vt 0.286206 0.250000
vt 0.375000 0.338795
vt -0.000000 -0.000000
vt 0.375000 0.337430
vt 0.375000 0.907293
vt 0.281675 0.006419
vt 0.375000 0.911205
vt 0.286206 0.000000
vt 0.375000 0.912570
vt -0.000000 -0.000000
vt 0.418158 0.907277
vt 0.437500 0.911205
vt 0.416180 0.912517
vt 0.718326 0.006416
vt 0.625000 0.907292
vt 0.713794 0.000000
vt 0.625000 0.911205
vt -0.000000 -0.000000
vt 0.625000 0.912570
vt 0.625000 0.342708
vt 0.718324 0.243584
vt 0.625000 0.338795
vt 0.713794 0.250000
vt 0.625000 0.337430
vt -0.000000 -0.000000
vt 0.580382 0.342720
vt 0.562500 0.338795
vt 0.582368 0.337482
vt 0.499725 0.342682
vt 0.500000 0.338795
vt 0.499981 0.337468
vt 0.579939 0.907280
vt 0.562500 0.911205
vt 0.581300 0.912519
vt 0.418644 0.342718
vt 0.437500 0.338795
vt 0.417314 0.337482
vt 0.499681 0.907301
vt 0.500000 0.911205
vt 0.498683 0.912532
vn 0.000000 -0.009204 -0.999958
vn 0.000000 -0.009204 -0.999958
vn 0.000000 -0.009204 -0.999958
vn 0.000000 -0.009204 -0.999958
vn 0.000001 -0.009204 -0.999958
vn 0.000001 -0.009204 -0.999958
vn 0.000000 -0.009204 -0.999958
vn 0.000000 -0.009204 -0.999958
vn 0.000001 -0.009204 -0.999958
vn 0.000001 -0.009204 -0.999958
vn 0.000000 0.009176 0.999958
vn 0.000000 0.009176 0.999958
vn 0.000000 0.009176 0.999958
vn 0.000000 0.009176 0.999958
vn 0.000000 0.009208 0.999958
vn 0.000000 0.009208 0.999958
vn 0.000000 0.009208 0.999958
vn 0.000000 0.009208 0.999958
vn 0.000000 0.009208 0.999958
vn 0.000000 0.009208 0.999958
vn 0.000000 0.009208 0.999958
vn 0.000000 0.009208 0.999958
vn -0.000015 0.009193 0.999958
vn -0.000015 0.009193 0.999958
vn -0.000015 0.009193 0.999958
vn -0.000015 0.009193 0.999958
vn 0.000000 0.998301 -0.058266
vn -0.000000 0.998301 -0.058266
vn -0.000000 0.998301 -0.058266
vn 0.000000 0.998301 -0.058266
vn 0.000000 0.998301 -0.058266
vn 0.000000 0.998301 -0.058266
vn 0.000000 0.998301 -0.058266
vn 0.000000 0.998301 -0.058266
vn -0.000000 0.998301 -0.058266
vn 0.000000 0.998301 -0.058266
vn -0.999995 -0.000030 -0.003262
vn -0.999940 0.000101 0.010984
vn -0.999153 0.000378 0.041138
vn -0.999995 -0.000030 -0.003262
vn 0.000000 -0.998301 0.058266
vn 0.000000 -0.998301 0.058266
vn 0.000000 -0.998301 0.058266
vn 0.000000 -0.998301 0.058266
vn -0.000000 -0.998301 0.058266
vn -0.000000 -0.998301 0.058266
vn -0.000000 -0.998301 0.058266
vn -0.000000 -0.998301 0.058266
vn 0.000000 -0.998301 0.058266
vn 0.000000 -0.998301 0.058266
vn 0.999191 0.000370 0.040208
vn 0.999950 0.000092 0.010020
vn 0.999991 -0.000039 -0.004194
vn 0.999991 -0.000039 -0.004194
vn -0.920196 -0.003599 -0.391441
vn -0.920102 -0.003601 -0.391663
vn -0.920155 -0.003600 -0.391537
vn -0.920297 -0.003596 -0.391204
vn -0.920042 -0.003603 -0.391802
vn -0.920097 -0.003601 -0.391675
vn -0.919982 -0.003604 -0.391945
vn -0.920038 -0.003603 -0.391813
vn -0.919922 -0.003605 -0.392085
vn -0.919978 -0.003604 -0.391954
vn -0.919860 -0.003606 -0.392231
vn -0.919919 -0.003605 -0.392093
vn -0.919797 -0.003607 -0.392379
vn -0.919856 -0.003606 -0.392239
vn -0.919733 -0.003609 -0.392529
vn -0.919794 -0.003607 -0.392386
vn -0.919697 -0.003610 -0.392613
vn -0.919729 -0.003609 -0.392538
vn -0.956366 -0.002686 -0.292160
vn -0.983514 -0.001662 -0.180824
vn -0.000927 -0.988178 -0.153307
vn -0.000454 -0.987987 -0.154535
vn -0.000323 -0.999992 -0.004109
vn -0.000520 -0.999978 0.006662
vn 0.984357 -0.001620 -0.176178
vn 0.958187 -0.002631 -0.286129
vn 0.922403 -0.003551 -0.386212
vn 0.922303 -0.003554 -0.386450
vn 0.000520 1.000000 0.000763
vn 0.000323 0.999943 0.010660
vn 0.000454 0.987987 0.154535
vn 0.000928 0.988178 0.153307
vn -0.000415 0.987981 0.154572
vn -0.000293 0.999955 0.009448
vn -0.000471 1.000000 -0.000895
vn -0.000846 0.988201 0.153160
vn 0.000300 -0.999995 -0.003138
vn 0.000425 -0.987983 -0.154564
vn 0.000867 -0.988193 -0.153213
vn 0.000483 -0.999971 0.007628
vn 0.000001 0.987908 0.155043
vn 0.000001 0.999955 0.009516
vn -0.000001 -0.999995 -0.003198
vn -0.000001 -0.987908 -0.155043
vn -0.001103 -0.875742 -0.482777
vn -0.000181 -0.859201 -0.511638
vn -0.000121 -0.859991 -0.510309
vn -0.000552 -0.877476 -0.479621
vn -0.001235 -0.894224 -0.447619
vn -0.000579 -0.895491 -0.445080
vn -0.000588 -0.911410 -0.411500
vn -0.000272 -0.912272 -0.409584
vn 0.000302 -0.927231 -0.374490
vn 0.000152 -0.927763 -0.373170
vn 0.001011 -0.941615 -0.336689
vn 0.000499 -0.941889 -0.335923
vn 0.001247 -0.954498 -0.298215
vn 0.000624 -0.954578 -0.297960
vn 0.000861 -0.965819 -0.259215
vn 0.000441 -0.965762 -0.259428
vn -0.000000 -0.859635 -0.510909
vn -0.000001 -0.877149 -0.480218
vn -0.000001 -0.895488 -0.445086
vn -0.000001 -0.912437 -0.409217
vn 0.000000 -0.927964 -0.372671
vn 0.000001 -0.942036 -0.335512
vn 0.000002 -0.954627 -0.297802
vn 0.000002 -0.965715 -0.259603
vn 0.000119 -0.859985 -0.510319
vn 0.000550 -0.877473 -0.479625
vn 0.000589 -0.895495 -0.445071
vn 0.000302 -0.912280 -0.409568
vn -0.000104 -0.927769 -0.373156
vn -0.000442 -0.941891 -0.335918
vn -0.000570 -0.954575 -0.297969
vn -0.000408 -0.965756 -0.259452
vn 0.000178 -0.859207 -0.511628
vn 0.001097 -0.875780 -0.482710
vn 0.001253 -0.894264 -0.447538
vn 0.000650 -0.911447 -0.411416
vn -0.000200 -0.927262 -0.374413
vn -0.000889 -0.941639 -0.336623
vn -0.001135 -0.954514 -0.298163
vn -0.000793 -0.965830 -0.259176
vn 0.921911 -0.003562 -0.387385
vn 0.921847 -0.003562 -0.387538
vn 0.921817 -0.003562 -0.387608
vn 0.921850 -0.003562 -0.387530
vn 0.921973 -0.003561 -0.387238
vn 0.921914 -0.003562 -0.387378
vn 0.922033 -0.003559 -0.387094
vn 0.921976 -0.003561 -0.387230
vn 0.922092 -0.003558 -0.386955
vn 0.922037 -0.003559 -0.387086
vn 0.922150 -0.003556 -0.386816
vn 0.922095 -0.003558 -0.386946
vn 0.922207 -0.003555 -0.386680
vn 0.922154 -0.003556 -0.386805
vn 0.922264 -0.003555 -0.386545
vn 0.922212 -0.003555 -0.386668
vn -0.001141 0.875739 0.482783
vn -0.000184 0.859189 0.511658
vn -0.000125 0.859994 0.510304
vn -0.000573 0.877486 0.479603
vn -0.001324 0.894235 0.447596
vn -0.000622 0.895501 0.445059
vn -0.000731 0.911427 0.411460
vn -0.000339 0.912280 0.409566
vn 0.000121 0.927250 0.374444
vn 0.000067 0.927766 0.373161
vn 0.000820 0.941633 0.336639
vn 0.000409 0.941888 0.335928
vn 0.001083 0.954513 0.298167
vn 0.000546 0.954572 0.297981
vn 0.000766 0.965832 0.259167
vn 0.000395 0.965752 0.259465
vn -0.000000 0.859634 0.510910
vn 0.000001 0.877149 0.480218
vn 0.000001 0.895488 0.445085
vn 0.000000 0.912438 0.409216
vn -0.000001 0.927963 0.372671
vn -0.000002 0.942036 0.335513
vn -0.000002 0.954628 0.297801
vn -0.000002 0.965716 0.259603
vn 0.000122 0.859991 0.510309
vn 0.000552 0.877475 0.479622
vn 0.000579 0.895490 0.445081
vn 0.000272 0.912273 0.409583
vn -0.000152 0.927763 0.373170
vn -0.000499 0.941889 0.335923
vn -0.000624 0.954578 0.297959
vn -0.000442 0.965762 0.259428
vn 0.000182 0.859201 0.511638
vn 0.001104 0.875742 0.482778
vn 0.001236 0.894223 0.447620
vn 0.000588 0.911410 0.411499
vn -0.000302 0.927231 0.374490
vn -0.001011 0.941616 0.336688
vn -0.001247 0.954498 0.298214
vn -0.000861 0.965819 0.259215
vn 0.999125 0.000387 0.041828
vn 0.999046 0.000417 0.043668
vn 0.999122 0.000388 0.041886
vn 0.999161 0.000377 0.040952
vn 0.998961 0.000458 0.045568
vn 0.999043 0.000418 0.043749
vn 0.998872 0.000499 0.047488
vn 0.998958 0.000459 0.045632
vn 0.998777 0.000525 0.049441
vn 0.998869 0.000500 0.047542
vn 0.998676 0.000512 0.051444
vn 0.998775 0.000525 0.049488
vn 0.998622 0.000482 0.052484
vn 0.998674 0.000511 0.051479
vn -0.000000 0.993378 -0.114890
vn -0.000000 0.990127 -0.140171
vn -0.000000 0.990127 -0.140171
vn -0.000000 0.993378 -0.114890
vn -0.000000 0.984336 -0.176305
vn -0.000000 0.984336 -0.176305
vn -0.000001 0.977250 -0.212092
vn -0.000001 0.977250 -0.212092
vn -0.000001 0.968906 -0.247431
vn -0.000001 0.968905 -0.247431
vn 0.000000 0.959375 -0.282133
vn 0.000000 0.959375 -0.282133
vn 0.000000 0.951031 -0.309096
vn 0.000000 0.951031 -0.309097
vn 0.000000 0.993290 -0.115646
vn 0.000000 0.990004 -0.141043
vn 0.000000 0.990003 -0.141043
vn 0.000000 0.993290 -0.115646
vn 0.000001 0.984155 -0.177313
vn 0.000001 0.984155 -0.177313
vn 0.000001 0.977002 -0.213230
vn 0.000001 0.977002 -0.213230
vn 0.000001 0.968583 -0.248689
vn 0.000001 0.968583 -0.248689
vn 0.000002 0.958975 -0.283492
vn 0.000002 0.958975 -0.283492
vn 0.000004 0.950590 -0.310450
vn 0.000004 0.950590 -0.310450
vn 0.000000 0.993320 -0.115389
vn 0.000000 0.990049 -0.140720
vn 0.000000 0.990049 -0.140720
vn 0.000000 0.993320 -0.115389
vn 0.000000 0.984219 -0.176952
vn 0.000000 0.984219 -0.176952
vn 0.000000 0.977089 -0.212833
vn 0.000000 0.977089 -0.212833
vn 0.000000 0.968695 -0.248256
vn 0.000000 0.968695 -0.248256
vn 0.000000 0.959113 -0.283025
vn 0.000000 0.959113 -0.283025
vn 0.000000 0.950735 -0.310004
vn 0.000000 0.950735 -0.310004
vn 0.000000 -0.991964 0.126523
vn 0.000000 -0.991964 0.126523
vn 0.999162 0.000377 0.040923
vn 0.999162 0.000377 0.040923
vn -0.000000 0.993511 -0.113739
vn -0.000000 0.993511 -0.113739
vn -0.999161 0.000377 0.040952
vn -0.999125 0.000387 0.041828
vn -0.999177 0.000373 0.040563
vn -0.999177 0.000373 0.040563
vn -0.999176 0.000373 0.040591
vn -0.999140 0.000383 0.041461
vn 0.000000 -0.991965 0.126516
vn 0.000000 -0.991965 0.126516
vn 0.999177 0.000373 0.040563
vn 0.999177 0.000373 0.040563
vn 0.999140 0.000383 0.041461
vn 0.999176 0.000373 0.040591
vn -0.999165 0.000375 0.040861
vn -0.999165 0.000375 0.040861
vn -0.999164 0.000376 0.040890
vn -0.999127 0.000386 0.041768
vn -0.000000 -0.991904 0.126993
vn -0.000000 -0.991904 0.126993
vn 0.999127 0.000386 0.041769
vn 0.999164 0.000376 0.040890
vn -0.999166 0.000375 0.040824
vn -0.999166 0.000375 0.040824
vn -0.999165 0.000376 0.040852
vn -0.999129 0.000386 0.041731
vn 0.000000 -0.991837 0.127512
vn 0.000000 -0.991837 0.127512
vn 0.999166 0.000375 0.040824
vn 0.999166 0.000375 0.040824
vn 0.999129 0.000386 0.041730
vn 0.999165 0.000376 0.040852
vn 0.998621 0.000482 0.052495
vn 0.998621 0.000482 0.052495
vn 0.000003 -0.946850 0.321677
vn 0.000003 -0.946849 0.321677
vn 0.000004 -0.943011 0.332762
vn 0.000004 -0.943011 0.332762
vn -0.998622 0.000482 0.052484
vn -0.998674 0.000511 0.051478
vn -0.998621 0.000482 0.052495
vn -0.998621 0.000482 0.052495
vn 0.000001 0.951514 -0.307604
vn 0.000001 0.951514 -0.307605
vn 0.000000 0.947856 -0.318699
vn 0.000000 0.947856 -0.318699
vn 0.000000 0.947350 -0.320199
vn 0.000000 0.947350 -0.320199
vn 0.998697 0.000503 0.051035
vn 0.998645 0.000479 0.052031
vn 0.998645 0.000479 0.052042
vn 0.998645 0.000479 0.052042
vn 0.000001 -0.946778 0.321889
vn 0.000001 -0.946777 0.321889
vn 0.000002 -0.942933 0.332983
vn 0.000002 -0.942933 0.332983
vn -0.998645 0.000479 0.052031
vn -0.998697 0.000504 0.051035
vn -0.998645 0.000479 0.052042
vn -0.998645 0.000479 0.052042
vn 0.000004 0.946825 -0.321749
vn 0.000004 0.946825 -0.321749
vn 0.998678 0.000507 0.051400
vn 0.998626 0.000482 0.052407
vn 0.998625 0.000481 0.052420
vn 0.998625 0.000481 0.052420
vn 0.000000 -0.946229 0.323499
vn 0.000000 -0.946229 0.323499
vn 0.000000 -0.942294 0.334787
vn 0.000000 -0.942294 0.334787
vn -0.998626 0.000482 0.052407
vn -0.998678 0.000508 0.051400
vn -0.998625 0.000482 0.052419
vn -0.998625 0.000482 0.052419
vn 0.000000 0.946995 -0.321249
vn 0.000000 0.946995 -0.321249
vn 0.998676 0.000507 0.051438
vn 0.998624 0.000483 0.052445
vn 0.998623 0.000483 0.052457
vn 0.998623 0.000483 0.052457
vn 0.000000 -0.946478 0.322768
vn 0.000000 -0.946478 0.322768
vn 0.000000 -0.942572 0.334003
vn 0.000000 -0.942572 0.334003
vn -0.998624 0.000483 0.052445
vn -0.998676 0.000507 0.051439
vn -0.998623 0.000483 0.052457
vn -0.998623 0.000483 0.052457
vn 0.000003 -0.955646 0.294518
vn 0.000003 -0.955646 0.294518
vn 0.000001 -0.965693 0.259688
vn 0.000001 -0.965693 0.259688
vn -0.000000 -0.974546 0.224189
vn -0.000000 -0.974546 0.224189
vn -0.000000 -0.982127 0.188218
vn -0.000000 -0.982127 0.188218
vn 0.000000 -0.988399 0.151882
vn 0.000000 -0.988399 0.151882
vn -0.998775 0.000525 0.049488
vn -0.998676 0.000512 0.051444
vn -0.998869 0.000500 0.047542
vn -0.998777 0.000525 0.049441
vn -0.998958 0.000459 0.045632
vn -0.998872 0.000499 0.047488
vn -0.999043 0.000418 0.043749
vn -0.998961 0.000458 0.045568
vn -0.999122 0.000388 0.041886
vn -0.999046 0.000417 0.043668
vn 0.000001 0.959820 -0.280615
vn 0.000001 0.959820 -0.280616
vn 0.000000 0.969274 -0.245984
vn 0.000000 0.969274 -0.245985
vn -0.000001 0.977549 -0.210706
vn -0.000001 0.977549 -0.210706
vn -0.000001 0.984573 -0.174975
vn -0.000001 0.984573 -0.174975
vn -0.000000 0.990307 -0.138897
vn -0.000000 0.990307 -0.138897
vn 0.998698 0.000504 0.051001
vn 0.998796 0.000513 0.049061
vn 0.998798 0.000513 0.049015
vn 0.998889 0.000489 0.047130
vn 0.998891 0.000488 0.047077
vn 0.998976 0.000451 0.045235
vn 0.998979 0.000450 0.045171
vn 0.999059 0.000413 0.043366
vn 0.999063 0.000411 0.043287
vn 0.999138 0.000384 0.041517
vn 0.000001 -0.955568 0.294771
vn 0.000001 -0.955568 0.294771
vn 0.000001 -0.965638 0.259889
vn 0.000001 -0.965638 0.259889
vn 0.000001 -0.974508 0.224352
vn 0.000001 -0.974508 0.224352
vn 0.000001 -0.982102 0.188347
vn 0.000001 -0.982102 0.188347
vn 0.000000 -0.988384 0.151980
vn 0.000000 -0.988384 0.151980
vn -0.998699 0.000504 0.051001
vn -0.998796 0.000513 0.049061
vn -0.998798 0.000513 0.049015
vn -0.998889 0.000489 0.047130
vn -0.998891 0.000489 0.047077
vn -0.998976 0.000452 0.045234
vn -0.998979 0.000450 0.045171
vn -0.999059 0.000413 0.043366
vn -0.999063 0.000412 0.043287
vn -0.999138 0.000384 0.041517
vn 0.998680 0.000508 0.051367
vn 0.998779 0.000518 0.049406
vn 0.998781 0.000518 0.049360
vn 0.998873 0.000494 0.047455
vn 0.998876 0.000493 0.047401
vn 0.998962 0.000455 0.045541
vn 0.998965 0.000454 0.045477
vn 0.999047 0.000416 0.043654
vn 0.999050 0.000415 0.043574
vn 0.999126 0.000387 0.041787
vn -0.000001 -0.955069 0.296385
vn -0.000001 -0.955069 0.296385
vn -0.000001 -0.965231 0.261399
vn -0.000001 -0.965231 0.261400
vn -0.000001 -0.974188 0.225739
vn -0.000001 -0.974188 0.225739
vn -0.000000 -0.981861 0.189601
vn -0.000000 -0.981861 0.189601
vn 0.000000 -0.988212 0.153095
vn 0.000000 -0.988212 0.153094
vn -0.998680 0.000508 0.051367
vn -0.998779 0.000518 0.049406
vn -0.998781 0.000518 0.049359
vn -0.998873 0.000494 0.047455
vn -0.998876 0.000493 0.047401
vn -0.998962 0.000456 0.045541
vn -0.998965 0.000454 0.045477
vn -0.999047 0.000416 0.043654
vn -0.999050 0.000415 0.043574
vn -0.999126 0.000387 0.041788
vn 0.998678 0.000508 0.051405
vn 0.998777 0.000518 0.049445
vn 0.998779 0.000517 0.049398
vn 0.998872 0.000493 0.047494
vn 0.998874 0.000492 0.047440
vn 0.998961 0.000455 0.045580
vn 0.998964 0.000454 0.045516
vn 0.999045 0.000416 0.043692
vn 0.999048 0.000414 0.043613
vn 0.999125 0.000386 0.041826
vn 0.000000 -0.955301 0.295636
vn 0.000000 -0.955301 0.295636
vn 0.000000 -0.965423 0.260688
vn 0.000000 -0.965423 0.260688
vn 0.000000 -0.974343 0.225068
vn 0.000000 -0.974343 0.225068
vn 0.000000 -0.981983 0.188971
vn 0.000000 -0.981983 0.188971
vn -0.000000 -0.988303 0.152506
vn -0.000000 -0.988303 0.152506
vn -0.998678 0.000507 0.051405
vn -0.998777 0.000518 0.049445
vn -0.998779 0.000517 0.049398
vn -0.998872 0.000494 0.047494
vn -0.998874 0.000493 0.047440
vn -0.998961 0.000455 0.045579
vn -0.998964 0.000454 0.045516
vn -0.999045 0.000416 0.043692
vn -0.999048 0.000415 0.043612
vn -0.999125 0.000387 0.041826
vn -0.999171 0.000374 0.040717
vn -0.999194 0.000369 0.040132
vn 0.000011 -0.998334 0.057697
vn 0.000014 -0.998321 0.057924
vn 0.999231 0.000361 0.039219
vn 0.999208 0.000366 0.039800
vn -0.000015 0.998321 -0.057924
vn -0.000010 0.998334 -0.057697
vn 0.000011 0.998335 -0.057690
vn 0.000015 0.998322 -0.057907
vn -0.000011 -0.998335 0.057690
vn -0.000015 -0.998322 0.057907
vn 0.000000 0.998344 -0.057532
vn 0.000000 -0.998344 0.057532
vn -0.919948 -0.003605 -0.392023
vn -0.941329 -0.003103 -0.337477
vn 0.000744 -0.863809 -0.503818
vn 0.000412 -0.868216 -0.496186
vn -0.000002 -0.866879 -0.498519
vn -0.000408 -0.868210 -0.496196
vn -0.000734 -0.863930 -0.503612
vn 0.922059 -0.003557 -0.387032
vn 0.942918 -0.003061 -0.333012
vn 0.000407 0.868212 0.496193
vn 0.000733 0.863933 0.503606
vn 0.000002 0.866879 0.498519
vn -0.000412 0.868216 0.496186
vn -0.000743 0.863810 0.503818
vn -0.006763 0.915445 0.402387
vn -0.002575 0.924369 0.381490
vn -0.011191 0.966590 0.256083
vn -0.003615 0.970706 0.240242
vn -0.007191 0.994970 0.099910
vn -0.002492 0.995681 0.092809
vn -0.973680 -0.002096 -0.227909
vn -0.943051 -0.003059 -0.332634
vn -0.992625 -0.001115 -0.121221
vn -0.974817 -0.002051 -0.222998
vn -0.999890 -0.000137 -0.014864
vn -0.994078 -0.000999 -0.108666
vn 0.006763 -0.915445 -0.402387
vn 0.002576 -0.924369 -0.381491
vn 0.011190 -0.966590 -0.256084
vn 0.003615 -0.970706 -0.240241
vn 0.007190 -0.994971 -0.099908
vn 0.002492 -0.995681 -0.092809
vn -0.006549 -0.915773 -0.401643
vn -0.002537 -0.924341 -0.381559
vn -0.010724 -0.966794 -0.255332
vn -0.003568 -0.970702 -0.240258
vn -0.006931 -0.995007 -0.099566
vn -0.002466 -0.995684 -0.092778
vn 0.944573 -0.003018 -0.328287
vn 0.974414 -0.002066 -0.224753
vn 0.975507 -0.002022 -0.219958
vn 0.992826 -0.001099 -0.119566
vn 0.994235 -0.000985 -0.107223
vn 0.999889 -0.000136 -0.014873
vn 0.006549 0.915773 0.401642
vn 0.002537 0.924341 0.381559
vn 0.010726 0.966794 0.255333
vn 0.003568 0.970703 0.240257
vn 0.006932 0.995007 0.099566
vn 0.002466 0.995684 0.092778
vn 0.000004 0.922457 0.386101
vn -0.000012 0.970368 0.241633
vn -0.000021 0.995755 0.092039
vn -0.000004 -0.922457 -0.386100
vn 0.000012 -0.970368 -0.241633
vn 0.000021 -0.995755 -0.092039
s 1
g pCube1
usemtl initialShadingGroup
f 1/1/1 18/13/2 19/14/3 3/3/4
f 11/10/5 10/9/6 2/2/7 4/4/8
f 15/12/9 14/11/10 10/9/6 11/10/5
f 19/14/3 18/13/2 14/11/10 15/12/9
s off
f 21/168/11 22/166/12 23/172/13 24/170/14
f 29/198/15 30/195/16 31/193/17 32/191/18
f 26/180/19 25/178/20 27/176/21 28/174/22
f 33/189/23 34/186/24 35/184/25 36/182/26
s 3
f 10/9/27 38/287/28 37/15/29 2/2/30
f 14/11/31 39/291/32 38/287/28 10/9/27
f 18/13/33 40/295/34 39/291/32 14/11/31
f 41/286/35 40/295/34 18/13/33 1/1/36
s 4
f 3/7/37 42/279/38 41/16/39 1/8/40
s 5
f 3/3/41 19/14/42 43/281/43 42/17/44
f 44/298/45 43/281/43 19/14/42 15/12/46
f 45/294/47 44/298/45 15/12/46 11/10/48
f 46/290/49 45/294/47 11/10/48 4/4/50
s 6
f 37/284/51 46/18/52 4/5/53 2/6/54
s 4
f 55/19/55 54/54/56 57/56/57 56/21/58
f 54/54/56 53/52/59 58/58/60 57/56/57
f 53/52/59 52/50/61 59/60/62 58/58/60
f 52/50/61 51/48/63 60/62/64 59/60/62
f 51/48/63 50/46/65 61/64/66 60/62/64
f 50/46/65 49/44/67 62/66/68 61/64/66
f 49/44/67 48/42/69 63/68/70 62/66/68
f 48/42/69 47/300/71 64/20/72 63/68/70
f 56/21/58 6/22/73 5/141/74 55/19/55
s 5
f 56/35/75 65/23/76 20/145/77 6/143/78
s 6
f 8/24/79 7/152/80 92/38/81 101/25/82
s 3
f 5/26/83 17/149/84 128/33/85 55/27/86
f 110/28/87 9/161/88 8/154/89 101/39/90
s 5
f 12/159/91 83/32/92 92/29/93 7/30/94
s 3
f 119/31/95 13/163/96 9/161/88 110/28/87
s 5
f 16/157/97 74/34/98 83/32/92 12/159/91
s 3
f 128/33/85 17/149/84 13/163/96 119/31/95
s 5
f 20/145/77 65/23/76 74/34/98 16/157/97
f 63/67/99 64/302/100 73/303/101 72/75/102
f 62/65/103 63/67/99 72/75/102 71/74/104
f 61/63/105 62/65/103 71/74/104 70/73/106
f 60/61/107 61/63/105 70/73/106 69/72/108
f 59/59/109 60/61/107 69/72/108 68/71/110
f 58/57/111 59/59/109 68/71/110 67/70/112
f 56/35/75 57/55/113 66/69/114 65/23/76
f 57/55/113 58/57/111 67/70/112 66/69/114
f 72/75/102 73/303/101 82/305/115 81/82/116
f 71/74/104 72/75/102 81/82/116 80/81/117
f 70/73/106 71/74/104 80/81/117 79/80/118
f 69/72/108 70/73/106 79/80/118 78/79/119
f 68/71/110 69/72/108 78/79/119 77/78/120
f 67/70/112 68/71/110 77/78/120 76/77/121
f 65/23/76 66/69/114 75/76/122 74/34/98
f 66/69/114 67/70/112 76/77/121 75/76/122
f 81/82/116 82/305/115 91/307/123 90/89/124
f 80/81/117 81/82/116 90/89/124 89/88/125
f 79/80/118 80/81/117 89/88/125 88/87/126
f 78/79/119 79/80/118 88/87/126 87/86/127
f 77/78/120 78/79/119 87/86/127 86/85/128
f 76/77/121 77/78/120 86/85/128 85/84/129
f 74/34/98 75/76/122 84/83/130 83/32/92
f 75/76/122 76/77/121 85/84/129 84/83/130
f 90/89/124 91/307/123 100/36/131 99/103/132
f 89/88/125 90/89/124 99/103/132 98/101/133
f 88/87/126 89/88/125 98/101/133 97/99/134
f 87/86/127 88/87/126 97/99/134 96/97/135
f 86/85/128 87/86/127 96/97/135 95/95/136
f 85/84/129 86/85/128 95/95/136 94/93/137
f 83/32/92 84/83/130 93/91/138 92/29/93
f 84/83/130 85/84/129 94/93/137 93/91/138
s 6
f 99/102/139 100/309/140 109/37/141 108/117/142
f 98/100/143 99/102/139 108/117/142 107/115/144
f 97/98/145 98/100/143 107/115/144 106/113/146
f 96/96/147 97/98/145 106/113/146 105/111/148
f 95/94/149 96/96/147 105/111/148 104/109/150
f 94/92/151 95/94/149 104/109/150 103/107/152
f 92/38/81 93/90/153 102/105/154 101/25/82
f 93/90/153 94/92/151 103/107/152 102/105/154
s 3
f 108/116/155 109/312/156 118/314/157 117/124/158
f 107/114/159 108/116/155 117/124/158 116/123/160
f 106/112/161 107/114/159 116/123/160 115/122/162
f 105/110/163 106/112/161 115/122/162 114/121/164
f 104/108/165 105/110/163 114/121/164 113/120/166
f 103/106/167 104/108/165 113/120/166 112/119/168
f 101/39/90 102/104/169 111/118/170 110/28/87
f 102/104/169 103/106/167 112/119/168 111/118/170
f 117/124/158 118/314/157 127/316/171 126/131/172
f 116/123/160 117/124/158 126/131/172 125/130/173
f 115/122/162 116/123/160 125/130/173 124/129/174
f 114/121/164 115/122/162 124/129/174 123/128/175
f 113/120/166 114/121/164 123/128/175 122/127/176
f 112/119/168 113/120/166 122/127/176 121/126/177
f 110/28/87 111/118/170 120/125/178 119/31/95
f 111/118/170 112/119/168 121/126/177 120/125/178
f 126/131/172 127/316/171 136/317/179 135/138/180
f 125/130/173 126/131/172 135/138/180 134/137/181
f 124/129/174 125/130/173 134/137/181 133/136/182
f 123/128/175 124/129/174 133/136/182 132/135/183
f 122/127/176 123/128/175 132/135/183 131/134/184
f 121/126/177 122/127/176 131/134/184 130/133/185
f 119/31/95 120/125/178 129/132/186 128/33/85
f 120/125/178 121/126/177 130/133/185 129/132/186
f 47/40/187 48/41/188 135/138/180 136/317/179
f 48/41/188 49/43/189 134/137/181 135/138/180
f 49/43/189 50/45/190 133/136/182 134/137/181
f 50/45/190 51/47/191 132/135/183 133/136/182
f 51/47/191 52/49/192 131/134/184 132/135/183
f 52/49/192 53/51/193 130/133/185 131/134/184
f 53/51/193 54/53/194 129/132/186 130/133/185
f 54/53/194 55/27/86 128/33/85 129/132/186
s 16
f 143/142/195 142/203/196 145/204/197 144/140/198
f 142/203/196 141/202/199 146/205/200 145/204/197
f 141/202/199 140/201/201 147/206/202 146/205/200
f 140/201/201 139/200/203 148/207/204 147/206/202
f 139/200/203 138/199/205 149/208/206 148/207/204
f 138/199/205 137/165/207 150/167/208 149/208/206
s 3
f 171/146/209 170/223/210 173/224/211 172/150/212
f 170/223/210 169/222/213 174/225/214 173/224/211
f 169/222/213 168/221/215 175/226/216 174/225/214
f 168/221/215 167/220/217 176/227/218 175/226/216
f 167/220/217 166/219/219 177/228/220 176/227/218
f 166/219/219 165/173/221 178/175/222 177/228/220
f 199/158/223 198/243/224 201/244/225 200/164/226
f 198/243/224 197/242/227 202/245/228 201/244/225
f 197/242/227 196/241/229 203/246/230 202/245/228
f 196/241/229 195/240/231 204/247/232 203/246/230
f 195/240/231 194/239/233 205/248/234 204/247/232
f 194/239/233 193/181/235 206/183/236 205/248/234
f 227/151/237 226/263/238 229/264/239 228/156/240
f 226/263/238 225/262/241 230/265/242 229/264/239
f 225/262/241 224/261/243 231/266/244 230/265/242
f 224/261/243 223/260/245 232/267/246 231/266/244
f 223/260/245 222/259/247 233/268/248 232/267/246
f 222/259/247 221/190/249 234/192/250 233/268/248
s 5
f 6/143/78 20/145/77 144/140/251 151/139/252
s 16
f 20/145/253 17/149/254 143/142/195 144/140/198
s 3
f 17/149/84 5/141/83 158/144/255 143/142/256
s 4
f 5/141/74 6/143/73 151/139/257 158/144/258
s 20
f 17/149/259 20/145/260 186/147/261 171/146/262
s 5
f 20/145/77 16/157/97 179/148/263 186/147/264
s 21
f 16/157/265 13/163/266 172/150/267 179/148/268
s 3
f 13/163/96 17/149/84 171/146/209 172/150/212
s 22
f 9/161/269 12/159/270 242/153/271 227/151/272
s 5
f 12/159/91 7/152/94 235/155/273 242/153/274
s 6
f 7/152/80 8/154/79 228/156/275 235/155/276
s 3
f 8/154/89 9/161/88 227/151/237 228/156/240
s 23
f 13/163/277 16/157/278 214/160/279 199/158/280
s 5
f 16/157/97 12/159/91 207/162/281 214/160/282
s 24
f 12/159/283 9/161/284 200/164/285 207/162/286
s 3
f 9/161/88 13/163/96 199/158/223 200/164/226
s 16
f 150/167/208 137/165/207 23/172/287 22/166/288
s 5
f 157/169/289 150/167/290 22/166/291 21/168/292
s 4
f 164/171/293 157/169/294 21/168/295 24/170/296
s 3
f 137/165/297 164/171/298 24/170/299 23/172/300
f 178/175/222 165/173/221 26/180/301 28/174/302
s 21
f 185/177/303 178/175/304 28/174/305 27/176/306
s 5
f 192/179/307 185/177/308 27/176/309 25/178/310
s 20
f 165/173/311 192/179/312 25/178/313 26/180/314
s 3
f 206/183/236 193/181/235 33/189/315 36/182/316
s 24
f 213/185/317 206/183/318 36/182/319 35/184/320
s 5
f 220/187/321 213/185/322 35/184/323 34/186/324
s 23
f 193/181/325 220/187/326 34/188/327 33/189/328
s 3
f 234/192/250 221/190/249 29/198/329 32/191/330
s 6
f 241/194/331 234/192/332 32/191/333 31/193/334
s 5
f 248/196/335 241/194/336 31/193/337 30/195/338
s 22
f 221/190/339 248/196/340 30/197/341 29/198/342
s 5
f 149/208/343 150/167/290 157/169/289 156/213/344
f 148/207/345 149/208/343 156/213/344 155/212/346
f 147/206/347 148/207/345 155/212/346 154/211/348
f 146/205/349 147/206/347 154/211/348 153/210/350
f 144/140/251 145/204/351 152/209/352 151/139/252
f 145/204/351 146/205/349 153/210/350 152/209/352
s 4
f 156/213/353 157/169/294 164/171/293 163/218/354
f 155/212/355 156/213/353 163/218/354 162/217/356
f 154/211/357 155/212/355 162/217/356 161/216/358
f 153/210/359 154/211/357 161/216/358 160/215/360
f 151/139/257 152/209/361 159/214/362 158/144/258
f 152/209/361 153/210/359 160/215/360 159/214/362
s 3
f 137/165/297 138/199/363 163/218/364 164/171/298
f 138/199/363 139/200/365 162/217/366 163/218/364
f 139/200/365 140/201/367 161/216/368 162/217/366
f 140/201/367 141/202/369 160/215/370 161/216/368
f 141/202/369 142/203/371 159/214/372 160/215/370
f 142/203/371 143/142/256 158/144/255 159/214/372
s 21
f 177/228/373 178/175/304 185/177/303 184/233/374
f 176/227/375 177/228/373 184/233/374 183/232/376
f 175/226/377 176/227/375 183/232/376 182/231/378
f 174/225/379 175/226/377 182/231/378 181/230/380
f 172/150/267 173/224/381 180/229/382 179/148/268
f 173/224/381 174/225/379 181/230/380 180/229/382
s 5
f 184/233/383 185/177/308 192/179/307 191/238/384
f 183/232/385 184/233/383 191/238/384 190/237/386
f 182/231/387 183/232/385 190/237/386 189/236/388
f 181/230/389 182/231/387 189/236/388 188/235/390
f 179/148/263 180/229/391 187/234/392 186/147/264
f 180/229/391 181/230/389 188/235/390 187/234/392
s 20
f 165/173/311 166/219/393 191/238/394 192/179/312
f 166/219/393 167/220/395 190/237/396 191/238/394
f 167/220/395 168/221/397 189/236/398 190/237/396
f 168/221/397 169/222/399 188/235/400 189/236/398
f 169/222/399 170/223/401 187/234/402 188/235/400
f 170/223/401 171/146/262 186/147/261 187/234/402
s 24
f 205/248/403 206/183/318 213/185/317 212/253/404
f 204/247/405 205/248/403 212/253/404 211/252/406
f 203/246/407 204/247/405 211/252/406 210/251/408
f 202/245/409 203/246/407 210/251/408 209/250/410
f 200/164/285 201/244/411 208/249/412 207/162/286
f 201/244/411 202/245/409 209/250/410 208/249/412
s 5
f 212/253/413 213/185/322 220/187/321 219/258/414
f 211/252/415 212/253/413 219/258/414 218/257/416
f 210/251/417 211/252/415 218/257/416 217/256/418
f 209/250/419 210/251/417 217/256/418 216/255/420
f 207/162/281 208/249/421 215/254/422 214/160/282
f 208/249/421 209/250/419 216/255/420 215/254/422
s 23
f 193/181/325 194/239/423 219/258/424 220/187/326
f 194/239/423 195/240/425 218/257/426 219/258/424
f 195/240/425 196/241/427 217/256/428 218/257/426
f 196/241/427 197/242/429 216/255/430 217/256/428
f 197/242/429 198/243/431 215/254/432 216/255/430
f 198/243/431 199/158/280 214/160/279 215/254/432
s 6
f 233/268/433 234/192/332 241/194/331 240/273/434
f 232/267/435 233/268/433 240/273/434 239/272/436
f 231/266/437 232/267/435 239/272/436 238/271/438
f 230/265/439 231/266/437 238/271/438 237/270/440
f 228/156/275 229/264/441 236/269/442 235/155/276
f 229/264/441 230/265/439 237/270/440 236/269/442
s 5
f 240/273/443 241/194/336 248/196/335 247/278/444
f 239/272/445 240/273/443 247/278/444 246/277/446
f 238/271/447 239/272/445 246/277/446 245/276/448
f 237/270/449 238/271/447 245/276/448 244/275/450
f 235/155/273 236/269/451 243/274/452 242/153/274
f 236/269/451 237/270/449 244/275/450 243/274/452
s 22
f 221/190/339 222/259/453 247/278/454 248/196/340
f 222/259/453 223/260/455 246/277/456 247/278/454
f 223/260/455 224/261/457 245/276/458 246/277/456
f 224/261/457 225/262/459 244/275/460 245/276/458
f 225/262/459 226/263/461 243/274/462 244/275/460
f 226/263/461 227/151/272 242/153/271 243/274/462
s 4
f 42/279/38 254/321/463 249/280/464 41/16/39
s 5
f 42/17/44 43/281/43 259/297/465 254/282/466
s 6
f 269/325/467 264/283/468 46/18/52 37/284/51
s 3
f 249/319/469 289/285/470 40/295/34 41/286/35
f 38/287/28 274/292/471 269/288/472 37/15/29
s 5
f 284/289/473 45/294/47 46/290/49 264/323/474
s 3
f 39/291/32 279/296/475 274/292/471 38/287/28
s 5
f 294/293/476 44/298/45 45/294/47 284/289/473
s 3
f 40/295/34 289/285/470 279/296/475 39/291/32
s 5
f 259/297/465 43/281/43 44/298/45 294/293/476
s 4
f 258/299/477 64/20/72 47/300/71 253/320/478
s 5
f 258/322/479 263/301/480 73/303/101 64/302/100
f 82/305/115 73/303/101 263/301/480 298/304/481
f 91/307/123 82/305/115 298/304/481 288/306/482
f 100/36/131 91/307/123 288/306/482 268/308/483
s 6
f 109/37/141 100/309/140 268/324/484 273/310/485
s 3
f 278/311/486 118/314/157 109/312/156 273/326/487
f 283/313/488 127/316/171 118/314/157 278/311/486
f 293/315/489 136/317/179 127/316/171 283/313/488
f 47/40/187 136/317/179 293/315/489 253/318/490
f 252/332/491 253/318/490 293/315/489 292/365/492
f 251/330/493 252/332/491 292/365/492 291/364/494
f 249/319/469 250/328/495 290/363/496 289/285/470
f 250/328/495 251/330/493 291/364/494 290/363/496
s 4
f 253/320/478 252/331/497 257/338/498 258/299/477
f 252/331/497 251/329/499 256/336/500 257/338/498
f 251/329/499 250/327/501 255/334/502 256/336/500
f 250/327/501 249/280/464 254/321/463 255/334/502
s 5
f 258/322/479 257/337/503 262/341/504 263/301/480
f 257/337/503 256/335/505 261/340/506 262/341/504
f 256/335/505 255/333/507 260/339/508 261/340/506
f 255/333/507 254/282/466 259/297/465 260/339/508
f 267/347/509 268/308/483 288/306/482 287/362/510
f 266/345/511 267/347/509 287/362/510 286/361/512
f 264/323/474 265/343/513 285/360/514 284/289/473
f 265/343/513 266/345/511 286/361/512 285/360/514
s 6
f 268/324/484 267/346/515 272/353/516 273/310/485
f 267/346/515 266/344/517 271/351/518 272/353/516
f 266/344/517 265/342/519 270/349/520 271/351/518
f 265/342/519 264/283/468 269/325/467 270/349/520
s 3
f 273/326/487 272/352/521 277/356/522 278/311/486
f 272/352/521 271/350/523 276/355/524 277/356/522
f 271/350/523 270/348/525 275/354/526 276/355/524
f 270/348/525 269/288/472 274/292/471 275/354/526
f 278/311/486 277/356/522 282/359/527 283/313/488
f 277/356/522 276/355/524 281/358/528 282/359/527
f 276/355/524 275/354/526 280/357/529 281/358/528
f 275/354/526 274/292/471 279/296/475 280/357/529
s 5
f 287/362/510 288/306/482 298/304/481 297/368/530
f 286/361/512 287/362/510 297/368/530 296/367/531
f 284/289/473 285/360/514 295/366/532 294/293/476
f 285/360/514 286/361/512 296/367/531 295/366/532
s 3
f 283/313/488 282/359/527 292/365/492 293/315/489
f 282/359/527 281/358/528 291/364/494 292/365/492
f 281/358/528 280/357/529 290/363/496 291/364/494
f 280/357/529 279/296/475 289/285/470 290/363/496
s 5
f 263/301/480 262/341/504 297/368/530 298/304/481
f 262/341/504 261/340/506 296/367/531 297/368/530
f 261/340/506 260/339/508 295/366/532 296/367/531
f 260/339/508 259/297/465 294/293/476 295/366/532
g default1
v 4.846019 0.192841 -5.788731
v 4.516938 0.469058 4.080226
v 5.229496 0.275855 3.384173
v 5.518272 0.154086 2.571288
v 5.373261 0.154086 1.748606
v 4.996754 0.298202 1.124943
v 4.521945 0.536145 0.590565
v 4.483736 0.630301 0.023616
v 4.653713 0.331100 -2.842243
v 4.701828 0.276528 -3.578863
v 4.747927 0.251955 -4.315530
v 4.833921 0.210269 -5.051296
v 4.539370 0.507941 -1.380859
v 4.478223 0.587644 -0.649478
v 4.594170 0.414706 -2.088309
v 4.636698 -0.105843 3.366439
v 4.861437 -0.280031 2.552107
v 4.759574 -0.227612 1.734745
v 4.635153 0.015507 1.116776
v 4.463762 0.475204 0.585862
v 4.450845 0.569973 0.022873
v 4.449633 0.511480 -0.650124
v 4.501513 0.417048 -1.381714
v 4.548252 0.308575 -2.089346
v 4.598968 0.230378 -2.843479
v 4.640547 0.193846 -3.580247
v 4.680528 0.155909 -4.317052
v 4.752118 0.118183 -5.053143
v 4.765162 0.101733 -5.790557
v 4.765162 0.192841 -5.790557
v 4.752118 0.210269 -5.053143
v 4.680528 0.251955 -4.317052
v 4.640547 0.276528 -3.580247
v 4.598968 0.331100 -2.843479
v 4.548252 0.414706 -2.089346
v 4.501513 0.507941 -1.381714
v 4.449633 0.587644 -0.650124
v 4.450845 0.630301 0.022873
v 4.492386 0.536466 0.590855
v 4.858145 0.298202 1.121813
v 5.153551 0.154086 1.743644
v 5.264596 0.154086 2.565558
v 5.031967 0.275855 3.379711
v 4.275577 0.518417 4.183273
v 4.294200 -0.168386 3.358703
v 4.312698 -0.330753 2.539713
v 4.331097 -0.247097 1.725068
v 4.344984 -0.013165 1.110223
v 4.356881 0.475204 0.583448
v 4.369583 0.569973 0.021038
v 4.384844 0.502626 -0.654633
v 4.401317 0.417048 -1.383977
v 4.417315 0.308575 -2.092304
v 4.434364 0.230378 -2.847197
v 4.451017 0.193846 -3.584528
v 4.467670 0.155909 -4.321860
v 4.484324 0.118183 -5.059192
v 4.500977 0.101733 -5.796524
v 4.500977 0.192841 -5.796524
v 4.484324 0.210269 -5.059192
v 4.467670 0.251955 -4.321860
v 4.451017 0.276528 -3.584528
v 4.434364 0.331100 -2.847197
v 4.417315 0.414706 -2.092304
v 4.401317 0.507941 -1.383977
v 4.384844 0.587017 -0.654633
v 4.369583 0.629868 0.021038
v 4.356783 0.536466 0.587792
v 4.345520 0.237145 1.086477
v 4.331097 -0.134084 1.725068
v 4.312600 -0.209839 2.544057
v 4.294102 -0.027804 3.363046
v 4.495965 0.483698 4.034620
v 5.168303 0.215208 3.381834
v 5.451938 0.093439 2.568834
v 5.316335 0.093439 1.747320
v 4.957480 0.251233 1.124056
v 4.530038 0.523418 0.594770
v 4.481135 0.618839 0.023557
v 4.475963 0.573172 -0.649529
v 4.537164 0.495216 -1.380909
v 4.591495 0.399848 -2.088370
v 4.650523 0.316999 -2.842315
v 4.698257 0.264952 -3.578944
v 4.744000 0.238508 -4.315619
v 4.829155 0.197377 -5.051403
v 4.841307 0.180086 -5.788837
v 4.812367 0.192841 -5.789490
v 4.799876 0.210269 -5.052065
v 4.719876 0.251955 -4.316164
v 4.676324 0.276528 -3.579439
v 4.630929 0.331100 -2.842758
v 4.575060 0.414706 -2.088741
v 4.523614 0.507941 -1.381215
v 4.466324 0.587644 -0.649747
v 4.470047 0.630301 0.023307
v 4.515511 0.538969 0.591377
v 4.939067 0.364162 1.123640
v 5.281821 0.220047 1.746541
v 5.412696 0.220047 2.568903
v 5.147288 0.341816 3.382316
v 4.274351 0.506257 4.237570
v 4.277498 0.445641 4.098192
v 4.424499 0.411994 3.955749
v 4.489685 0.425036 4.061097
v 4.280875 0.236239 3.977106
v 4.280575 0.215077 3.961984
v 4.407207 0.334232 4.021107
v 4.912621 0.060794 3.374429
v 5.167929 -0.086186 2.560789
v 5.048554 -0.060975 1.741272
v 4.802453 0.137857 1.120555
v 4.498199 0.505672 0.588801
v 4.466567 0.595336 0.023228
v 4.463299 0.543501 -0.649815
v 4.520017 0.457620 -1.381296
v 4.570697 0.355949 -2.088839
v 4.625727 0.275338 -2.842875
v 4.670501 0.230753 -3.579571
v 4.713473 0.198781 -4.316308
v 4.792103 0.159287 -5.052240
v 4.804684 0.142401 -5.789664
v 4.277660 0.351419 4.091024
v 4.276010 0.428614 4.164085
v 4.859751 -0.090487 2.556415
v 4.802915 -0.024285 1.735724
v 4.637173 0.200914 1.106326
v 4.429173 0.525417 0.589427
v 4.398351 0.630301 0.021687
v 4.404004 0.587644 -0.651155
v 4.441096 0.507941 -1.383079
v 4.474972 0.414706 -2.091001
v 4.511600 0.331100 -2.845453
v 4.542748 0.276528 -3.582456
v 4.572967 0.251955 -4.319482
v 4.621568 0.210269 -5.056092
v 4.636121 0.192841 -5.793472
v 4.636121 0.101733 -5.793472
v 4.621568 0.118183 -5.056092
v 4.572967 0.155909 -4.319482
v 4.542748 0.193846 -3.582456
v 4.511600 0.230378 -2.845453
v 4.474972 0.308575 -2.091001
v 4.441096 0.417048 -1.383079
v 4.404004 0.511480 -0.651155
v 4.398351 0.569973 0.021687
v 4.400548 0.475204 0.584434
v 4.512455 0.002840 1.114005
v 4.582985 -0.236220 1.730757
v 4.622050 -0.302438 2.546700
v 4.483431 -0.133473 3.362977
v 4.280384 0.226890 3.970417
v 4.340845 0.341825 4.051787
v 4.387397 0.426617 4.106416
v 4.403123 0.485492 4.149586
v 4.392191 0.499036 4.100145
v 4.358171 0.426858 4.018644
v 4.716728 0.061338 3.372592
v 4.189586 0.192841 -5.803556
v 4.197269 0.142401 -5.803383
v 4.236792 0.101733 -5.802491
v 4.236792 0.192841 -5.802491
v 4.155936 0.192841 -5.804317
v 4.168772 0.210269 -5.066319
v 4.134727 0.210269 -5.067088
v 4.160646 0.180086 -5.804210
v 4.139492 0.197377 -5.066980
v 3.358709 0.275855 3.341920
v 3.440918 0.341816 3.343777
v 4.062126 0.483698 4.024821
v 4.039115 0.469058 4.069434
v 4.067204 0.425036 4.051555
v 3.419946 0.215208 3.342347
v 4.151402 0.334232 4.015329
v 3.675701 0.060794 3.346492
v 3.106927 0.154086 2.516826
v 3.212503 0.220047 2.519211
v 3.173305 0.093439 2.517369
v 3.288934 0.154086 1.701530
v 3.380372 0.220047 1.703595
v 3.345860 0.093439 1.702816
v 3.693213 0.298202 1.095502
v 3.750900 0.364162 1.096805
v 3.732487 0.251233 1.096389
v 4.191665 0.536145 0.583105
v 4.198055 0.538969 0.584207
v 4.183391 0.523418 0.586941
v 4.255431 0.630301 0.018459
v 4.269120 0.630301 0.018768
v 4.258032 0.618839 0.018518
v 4.215015 0.331100 -2.852151
v 4.237799 0.331100 -2.851637
v 4.259570 0.414706 -2.095866
v 4.240459 0.414706 -2.096298
v 4.218205 0.316999 -2.852079
v 4.243135 0.399848 -2.096238
v 4.200207 0.276528 -3.590193
v 4.225711 0.276528 -3.589617
v 4.203777 0.264952 -3.590112
v 4.187415 0.251955 -4.328190
v 4.215465 0.251955 -4.327556
v 4.191342 0.238508 -4.328101
v 4.265469 0.495216 -1.387045
v 4.263264 0.507941 -1.387095
v 4.279019 0.507941 -1.386739
v 4.291328 0.587644 -0.653700
v 4.293588 0.573172 -0.653648
v 4.303227 0.587644 -0.653431
v 4.104970 -0.133473 3.354429
v 4.280384 0.226890 3.970417
v 4.003347 -0.302438 2.532726
v 4.079210 -0.236220 1.719379
v 4.177512 0.002840 1.106440
v 4.313214 0.475204 0.582462
v 4.340816 0.569973 0.020388
v 4.365547 0.511480 -0.652023
v 4.361538 0.417048 -1.384876
v 4.359658 0.308575 -2.093606
v 4.357130 0.230378 -2.848941
v 4.359288 0.193846 -3.586600
v 4.362374 0.155909 -4.324238
v 4.347081 0.118183 -5.062291
v 4.365832 0.101733 -5.799576
v 4.365832 0.192841 -5.799576
v 4.347081 0.210269 -5.062291
v 4.362374 0.251955 -4.324238
v 4.359288 0.276528 -3.586600
v 4.357130 0.331100 -2.848941
v 4.359658 0.414706 -2.093606
v 4.361538 0.507941 -1.384876
v 4.340816 0.630301 0.020388
v 4.365547 0.587644 -0.652023
v 4.284394 0.525417 0.586157
v 4.053268 0.200914 1.093139
v 3.859279 -0.024285 1.714412
v 3.765449 -0.090487 2.531699
v 3.871477 0.061338 3.353501
v 3.457387 -0.086186 2.522155
v 3.613641 -0.060975 1.708864
v 3.887515 0.137857 1.099891
v 4.215465 0.505672 0.582416
v 4.272601 0.595336 0.018847
v 4.306252 0.543501 -0.653362
v 4.282617 0.457620 -1.386658
v 4.263933 0.355949 -2.095768
v 4.243002 0.275338 -2.851519
v 4.231534 0.230753 -3.589485
v 4.221869 0.198781 -4.327412
v 4.176545 0.159287 -5.066143
v 4.216530 0.210269 -5.065240
v 4.254813 0.251955 -4.326668
v 4.261488 0.276528 -3.588809
v 4.269761 0.331100 -2.850915
v 4.286377 0.414706 -2.095261
v 4.301121 0.507941 -1.386240
v 4.319919 0.587644 -0.653054
v 4.288323 0.630301 0.019202
v 4.221181 0.536466 0.584729
v 3.831822 0.298202 1.098633
v 3.508643 0.154086 1.706492
v 3.360604 0.154086 2.522556
v 3.556238 0.275855 3.346381
v 4.162835 0.499036 4.094965
v 4.200499 0.426858 4.015083
v 4.149683 0.485492 4.143861
v 4.137080 0.411994 3.949257
v 4.216311 0.341825 4.048974
v 4.279593 0.236239 3.977077
v 3.951703 -0.105843 3.350968
v 3.763960 -0.280031 2.527320
v 3.902620 -0.227612 1.715391
v 4.054816 0.015507 1.103669
v 4.250000 0.475204 0.581034
v 4.288323 0.569973 0.019202
v 4.319919 0.511480 -0.653054
v 4.301121 0.417048 -1.386240
v 4.286377 0.308575 -2.095261
v 4.269761 0.230378 -2.850915
v 4.261488 0.193846 -3.588809
v 4.254813 0.155909 -4.326668
v 4.216530 0.118183 -5.065240
v 4.167342 0.426617 4.101446
vt 0.375000 0.250000
vt 0.375000 0.500000
vt 0.125000 0.250000
vt 0.147727 0.250000
vt 0.375000 0.477273
vt 0.170455 0.250000
vt 0.375000 0.454545
vt 0.193182 0.250000
vt 0.375000 0.431818
vt 0.215909 0.250000
vt 0.375000 0.409091
vt 0.238636 0.250000
vt 0.375000 0.386364
vt 0.261364 0.250000
vt 0.375000 0.363636
vt 0.284091 0.250000
vt 0.375000 0.340909
vt 0.306818 0.250000
vt 0.375000 0.318182
vt 0.329545 0.250000
vt 0.375000 0.295455
vt 0.352273 0.250000
vt 0.375000 0.272727
vt 0.272497 0.250000
vt 0.375000 0.352503
vt 0.266693 0.250000
vt 0.375000 0.358307
vt 0.278109 0.250000
vt 0.375000 0.346891
vt 0.400967 0.772727
vt 0.400967 0.795455
vt 0.400967 0.818182
vt 0.400967 0.840909
vt 0.400967 0.863636
vt 0.400967 0.886364
vt 0.400967 0.891693
vt 0.400967 0.897497
vt 0.400967 0.903109
vt 0.400967 0.909091
vt 0.400967 0.931818
vt 0.400967 0.954545
vt 0.400967 0.977273
vt 0.400967 0.000000
vt 0.400967 1.000000
vt 0.400967 0.250000
vt 0.400967 0.272727
vt 0.400967 0.295455
vt 0.400967 0.318182
vt 0.400967 0.340909
vt 0.400967 0.346891
vt 0.400967 0.352503
vt 0.400967 0.358307
vt 0.400967 0.363636
vt 0.400967 0.386364
vt 0.400967 0.409091
vt 0.400967 0.431818
vt 0.400967 0.454545
vt 0.400967 0.477273
vt 0.494776 0.500000
vt 0.494776 0.772727
vt 0.494776 0.795455
vt 0.494776 0.818182
vt 0.494776 0.840909
vt 0.494776 0.863636
vt 0.494776 0.886364
vt 0.494776 0.891717
vt 0.494776 0.897497
vt 0.494776 0.903109
vt 0.494776 0.909091
vt 0.494776 0.931818
vt 0.494776 0.954545
vt 0.494776 0.977273
vt 0.494776 0.000000
vt 0.494776 1.000000
vt 0.494776 0.250000
vt 0.494776 0.272727
vt 0.494776 0.295455
vt 0.494776 0.318182
vt 0.494776 0.340909
vt 0.494776 0.346891
vt 0.494776 0.352503
vt 0.494776 0.358283
vt 0.494776 0.363636
vt 0.494776 0.386364
vt 0.494776 0.409091
vt 0.494776 0.431818
vt 0.494776 0.454545
vt 0.494776 0.477273
vt 0.385807 0.500000
vt 0.385807 0.772727
vt 0.385807 0.795455
vt 0.385807 0.818182
vt 0.385807 0.840909
vt 0.385807 0.863636
vt 0.385807 0.886364
vt 0.385807 0.891693
vt 0.385807 0.897497
vt 0.385807 0.903109
vt 0.385807 0.909091
vt 0.385807 0.931818
vt 0.385807 0.954545
vt 0.385807 0.977273
vt 0.385807 0.000000
vt 0.385807 1.000000
vt 0.385807 0.250000
vt 0.385807 0.272727
vt 0.385807 0.295455
vt 0.385807 0.318182
vt 0.385807 0.340909
vt 0.385807 0.346891
vt 0.385807 0.352503
vt 0.385807 0.358307
vt 0.385807 0.363636
vt 0.385807 0.386364
vt 0.385807 0.409091
vt 0.385807 0.431818
vt 0.385807 0.454545
vt 0.385807 0.477273
vt 0.494776 0.600951
vt 0.494776 0.498682
vt 0.476185 0.494440
vt 0.471755 0.755401
vt 0.477438 0.755775
vt 0.494776 0.756189
vt 0.474488 0.755581
vt 0.393099 0.772727
vt 0.393099 0.795455
vt 0.393099 0.818182
vt 0.393099 0.840909
vt 0.393099 0.863636
vt 0.393099 0.886364
vt 0.393099 0.891693
vt 0.393099 0.897497
vt 0.393099 0.903109
vt 0.393099 0.909091
vt 0.393099 0.931818
vt 0.393099 0.954545
vt 0.393099 0.977273
vt 0.393099 0.000000
vt 0.393099 1.000000
vt 0.494776 0.683500
vt 0.494776 0.642345
vt 0.442409 0.454545
vt 0.442409 0.431818
vt 0.442409 0.409091
vt 0.442409 0.386364
vt 0.442409 0.363636
vt 0.442409 0.358307
vt 0.442409 0.352503
vt 0.442409 0.346891
vt 0.442409 0.340909
vt 0.442409 0.318182
vt 0.442409 0.295455
vt 0.442409 0.272727
vt 0.442409 0.250000
vt 0.442409 0.000000
vt 0.442409 1.000000
vt 0.442409 0.977273
vt 0.442409 0.954545
vt 0.442409 0.931818
vt 0.442409 0.909091
vt 0.442409 0.903109
vt 0.442409 0.897497
vt 0.442409 0.891693
vt 0.442409 0.886364
vt 0.442409 0.863636
vt 0.442409 0.840909
vt 0.442409 0.818182
vt 0.442409 0.795455
vt 0.442409 0.772727
vt 0.485097 0.755958
vt 0.483451 0.723738
vt 0.481925 0.705456
vt 0.427913 0.544597
vt 0.433946 0.500000
vt 0.484398 0.496314
vt 0.442409 0.477273
vt 0.385807 0.250000
vt 0.393099 0.000000
vt 0.400967 0.000000
vt 0.400967 0.250000
vt 0.375000 0.250000
vt 0.385807 0.272727
vt 0.375000 0.272727
vt 0.385807 1.000000
vt 0.352273 0.250000
vt 0.385807 0.977273
vt 0.375000 0.477273
vt 0.385807 0.477273
vt 0.385807 0.500000
vt 0.375000 0.500000
vt 0.147727 0.250000
vt 0.125000 0.250000
vt 0.471755 0.755401
vt 0.385807 0.772727
vt 0.474488 0.755581
vt 0.393099 0.772727
vt 0.375000 0.454545
vt 0.385807 0.454545
vt 0.170455 0.250000
vt 0.385807 0.795455
vt 0.375000 0.431818
vt 0.385807 0.431818
vt 0.193182 0.250000
vt 0.385807 0.818182
vt 0.375000 0.409091
vt 0.385807 0.409091
vt 0.215909 0.250000
vt 0.385807 0.840909
vt 0.375000 0.386364
vt 0.385807 0.386364
vt 0.238636 0.250000
vt 0.385807 0.863636
vt 0.375000 0.363636
vt 0.385807 0.363636
vt 0.261364 0.250000
vt 0.385807 0.886364
vt 0.375000 0.340909
vt 0.385807 0.340909
vt 0.385807 0.346891
vt 0.375000 0.346891
vt 0.385807 0.909091
vt 0.284091 0.250000
vt 0.278109 0.250000
vt 0.385807 0.903109
vt 0.375000 0.318182
vt 0.385807 0.318182
vt 0.306818 0.250000
vt 0.385807 0.931818
vt 0.375000 0.295455
vt 0.385807 0.295455
vt 0.329545 0.250000
vt 0.385807 0.954545
vt 0.385807 0.897497
vt 0.272497 0.250000
vt 0.375000 0.352503
vt 0.385807 0.352503
vt 0.266693 0.250000
vt 0.385807 0.891693
vt 0.375000 0.358307
vt 0.385807 0.358307
vt 0.442409 0.772727
vt 0.485097 0.755958
vt 0.494776 0.756189
vt 0.494776 0.772727
vt 0.442409 0.795455
vt 0.494776 0.795455
vt 0.442409 0.818182
vt 0.494776 0.818182
vt 0.442409 0.840909
vt 0.494776 0.840909
vt 0.442409 0.863636
vt 0.494776 0.863636
vt 0.442409 0.886364
vt 0.494776 0.886364
vt 0.442409 0.891693
vt 0.494776 0.891717
vt 0.442409 0.897497
vt 0.494776 0.897497
vt 0.442409 0.903109
vt 0.494776 0.903109
vt 0.442409 0.909091
vt 0.494776 0.909091
vt 0.442409 0.931818
vt 0.494776 0.931818
vt 0.442409 0.954545
vt 0.494776 0.954545
vt 0.442409 0.977273
vt 0.494776 0.977273
vt 0.442409 1.000000
vt 0.494776 1.000000
vt 0.442409 0.250000
vt 0.442409 0.000000
vt 0.494776 0.000000
vt 0.494776 0.250000
vt 0.442409 0.272727
vt 0.494776 0.272727
vt 0.442409 0.295455
vt 0.494776 0.295455
vt 0.442409 0.318182
vt 0.494776 0.318182
vt 0.442409 0.340909
vt 0.494776 0.340909
vt 0.442409 0.346891
vt 0.494776 0.346891
vt 0.442409 0.352503
vt 0.494776 0.352503
vt 0.494776 0.358283
vt 0.442409 0.363636
vt 0.442409 0.358307
vt 0.494776 0.363636
vt 0.442409 0.386364
vt 0.494776 0.386364
vt 0.442409 0.409091
vt 0.494776 0.409091
vt 0.442409 0.431818
vt 0.494776 0.431818
vt 0.442409 0.454545
vt 0.494776 0.454545
vt 0.442409 0.477273
vt 0.494776 0.477273
vt 0.393099 0.795455
vt 0.393099 0.818182
vt 0.393099 0.840909
vt 0.393099 0.863636
vt 0.393099 0.886364
vt 0.393099 0.891693
vt 0.393099 0.897497
vt 0.393099 0.903109
vt 0.393099 0.909091
vt 0.393099 0.931818
vt 0.393099 0.954545
vt 0.393099 0.977273
vt 0.393099 1.000000
vt 0.400967 0.272727
vt 0.400967 0.295455
vt 0.400967 0.318182
vt 0.400967 0.340909
vt 0.400967 0.346891
vt 0.400967 0.352503
vt 0.400967 0.358307
vt 0.400967 0.363636
vt 0.400967 0.386364
vt 0.400967 0.409091
vt 0.400967 0.431818
vt 0.400967 0.454545
vt 0.400967 0.477273
vt 0.494776 0.500000
vt 0.433946 0.500000
vt 0.484398 0.496314
vt 0.494776 0.498682
vt 0.494776 0.600951
vt 0.427913 0.544597
vt 0.476185 0.494440
vt 0.483451 0.723738
vt 0.494776 0.683500
vt 0.477438 0.755775
vt 0.400967 0.772727
vt 0.400967 0.795455
vt 0.400967 0.818182
vt 0.400967 0.840909
vt 0.400967 0.863636
vt 0.400967 0.886364
vt 0.400967 0.891693
vt 0.400967 0.897497
vt 0.400967 0.903109
vt 0.400967 0.909091
vt 0.400967 0.931818
vt 0.400967 0.954545
vt 0.400967 0.977273
vt 0.400967 1.000000
vt 0.385807 0.000000
vt 0.481925 0.705456
vt 0.494776 0.642345
vn 0.022588 0.000003 -0.999745
vn 0.022590 0.000002 -0.999745
vn 0.022581 0.000000 -0.999745
vn 0.022582 0.000000 -0.999745
vn 0.000518 0.999736 -0.022956
vn 0.000518 0.999736 -0.022956
vn 0.000850 0.999291 -0.037634
vn 0.000842 0.999305 -0.037259
vn 0.908911 -0.416257 0.024730
vn 0.979312 -0.201293 0.020726
vn 0.978493 -0.192886 0.073121
vn 0.913645 -0.399687 0.074186
vn 0.557839 0.820359 0.125807
vn 0.013766 0.991398 -0.130159
vn 0.000024 0.971039 -0.238922
vn 0.497303 0.813763 0.300798
vn 0.597188 -0.649536 0.470606
vn 0.518146 -0.481234 0.707064
vn 0.425814 -0.645584 0.633959
vn 0.504186 -0.748258 0.431169
vn 0.504186 -0.748258 0.431169
vn 0.425814 -0.645584 0.633959
vn 0.390428 -0.687300 0.612523
vn 0.462369 -0.774512 0.431679
vn 0.565058 0.824868 -0.017387
vn 0.078229 0.995110 -0.060303
vn 0.013766 0.991398 -0.130159
vn 0.557839 0.820359 0.125807
vn 0.687796 -0.716237 0.118070
vn 0.597188 -0.649536 0.470606
vn 0.504186 -0.748258 0.431169
vn 0.562062 -0.819946 0.108511
vn 0.583082 0.802850 -0.124284
vn 0.039771 0.998569 0.035742
vn 0.078229 0.995110 -0.060303
vn 0.565058 0.824868 -0.017387
vn 0.692866 -0.668257 -0.270869
vn 0.687796 -0.716237 0.118070
vn 0.562062 -0.819946 0.108511
vn 0.557096 -0.796543 -0.234868
vn 0.657765 0.718662 -0.225545
vn -0.057365 0.965529 0.253896
vn 0.039771 0.998569 0.035742
vn 0.583082 0.802850 -0.124284
vn 0.641438 -0.512928 -0.570492
vn 0.692866 -0.668257 -0.270869
vn 0.557096 -0.796543 -0.234868
vn 0.517140 -0.673625 -0.528011
vn 0.645467 0.714611 -0.269636
vn -0.191072 0.878385 0.438099
vn -0.057365 0.965529 0.253896
vn 0.657765 0.718662 -0.225545
vn 0.936368 -0.081133 -0.341516
vn 0.641438 -0.512928 -0.570492
vn 0.517140 -0.673625 -0.528011
vn 0.604532 -0.519141 -0.604180
vn 0.061728 0.996140 0.062408
vn -0.000341 0.996533 0.083200
vn -0.191072 0.878385 0.438099
vn 0.645467 0.714611 -0.269636
vn 0.999784 -0.010486 -0.017925
vn 0.936368 -0.081133 -0.341516
vn 0.604532 -0.519141 -0.604180
vn 0.978446 -0.202650 -0.039714
vn 0.002012 0.996022 -0.089086
vn 0.002027 0.995961 -0.089761
vn 0.002837 0.992077 -0.125602
vn 0.002830 0.992114 -0.125307
vn 0.961017 -0.261378 0.090159
vn 0.989273 -0.120457 0.082639
vn 0.991076 -0.098618 0.089686
vn 0.971339 -0.215433 0.100442
vn 0.001291 0.998365 -0.057155
vn 0.001295 0.998354 -0.057334
vn 0.002027 0.995961 -0.089761
vn 0.002012 0.996022 -0.089086
vn 0.987032 -0.143892 0.071148
vn 0.989273 -0.120457 0.082639
vn 0.961017 -0.261378 0.090159
vn 0.948493 -0.307668 0.075503
vn 0.001173 0.998649 -0.051953
vn 0.001172 0.998653 -0.051882
vn 0.001295 0.998354 -0.057334
vn 0.001291 0.998365 -0.057155
vn 0.980949 -0.169329 0.095225
vn 0.987032 -0.143892 0.071148
vn 0.948493 -0.307668 0.075503
vn 0.929058 -0.356767 0.097815
vn 0.000842 0.999305 -0.037259
vn 0.000850 0.999291 -0.037634
vn 0.001172 0.998653 -0.051882
vn 0.001173 0.998649 -0.051953
vn 0.978493 -0.192886 0.073121
vn 0.980949 -0.169329 0.095225
vn 0.929058 -0.356767 0.097815
vn 0.913645 -0.399687 0.074186
vn 0.981988 -0.174062 0.073493
vn 0.994979 -0.079003 0.061446
vn 0.993925 -0.077189 0.078460
vn 0.982616 -0.167966 0.079076
vn 0.003304 0.989239 -0.146275
vn 0.003307 0.989215 -0.146436
vn 0.000111 0.999988 -0.004902
vn -0.000416 0.999831 0.018403
vn 0.993925 -0.077189 0.078460
vn 0.999784 -0.010486 -0.017925
vn 0.978446 -0.202650 -0.039714
vn 0.982616 -0.167966 0.079076
vn -0.000416 0.999831 0.018403
vn 0.000111 0.999988 -0.004902
vn -0.000341 0.996533 0.083200
vn 0.061728 0.996140 0.062408
vn 0.991076 -0.098618 0.089686
vn 0.994979 -0.079003 0.061446
vn 0.981988 -0.174062 0.073493
vn 0.971339 -0.215433 0.100442
vn 0.002830 0.992114 -0.125307
vn 0.002837 0.992077 -0.125602
vn 0.003307 0.989215 -0.146436
vn 0.003304 0.989239 -0.146275
vn 0.131527 -0.943989 0.302631
vn 0.178727 -0.809724 0.558930
vn 0.168875 -0.825628 0.538349
vn 0.131615 -0.948335 0.288683
vn 0.096234 -0.993431 0.061918
vn 0.131527 -0.943989 0.302631
vn 0.131615 -0.948335 0.288683
vn 0.094912 -0.994159 0.051367
vn 0.072997 -0.978778 -0.191484
vn 0.096234 -0.993431 0.061918
vn 0.094912 -0.994159 0.051367
vn 0.070702 -0.978466 -0.193923
vn 0.070602 -0.871150 -0.485915
vn 0.072997 -0.978778 -0.191484
vn 0.070702 -0.978466 -0.193923
vn 0.069927 -0.877570 -0.474322
vn 0.052807 -0.844306 -0.533253
vn 0.070602 -0.871150 -0.485915
vn 0.069927 -0.877570 -0.474322
vn 0.058371 -0.820665 -0.568420
vn 0.061846 -0.998080 -0.003263
vn 0.052807 -0.844306 -0.533253
vn 0.058371 -0.820665 -0.568420
vn 0.171857 -0.985116 -0.003317
vn 0.134087 -0.984947 0.109089
vn 0.061846 -0.998080 -0.003263
vn 0.171857 -0.985116 -0.003317
vn -0.018577 -0.994228 0.105666
vn -0.018577 -0.994228 0.105666
vn -0.110874 -0.986095 0.123789
vn -0.047077 -0.991453 0.121673
vn 0.134087 -0.984947 0.109089
vn -0.002641 -0.993138 0.116918
vn -0.047077 -0.991453 0.121673
vn -0.110874 -0.986095 0.123789
vn -0.002618 -0.993253 0.115936
vn -0.001702 -0.997155 0.075356
vn -0.002641 -0.993138 0.116918
vn -0.002618 -0.993253 0.115936
vn -0.001692 -0.997189 0.074909
vn -0.001027 -0.998965 0.045474
vn -0.001702 -0.997155 0.075356
vn -0.001692 -0.997189 0.074909
vn -0.001024 -0.998972 0.045325
vn -0.001021 -0.998978 0.045191
vn -0.001027 -0.998965 0.045474
vn -0.001024 -0.998972 0.045325
vn -0.001024 -0.998972 0.045331
vn -0.000849 -0.999293 0.037582
vn -0.001021 -0.998978 0.045191
vn -0.001024 -0.998972 0.045331
vn -0.000846 -0.999297 0.037472
vn -0.000518 -0.999736 0.022956
vn -0.000849 -0.999293 0.037582
vn -0.000846 -0.999297 0.037472
vn -0.000518 -0.999736 0.022956
vn 0.022580 0.000000 -0.999745
vn 0.022580 0.000000 -0.999745
vn 0.022580 0.000000 -0.999745
vn 0.022580 0.000000 -0.999745
vn 0.000849 0.999293 -0.037582
vn 0.000518 0.999736 -0.022956
vn 0.000518 0.999736 -0.022956
vn 0.000846 0.999297 -0.037472
vn 0.001172 0.998652 -0.051899
vn 0.000849 0.999293 -0.037582
vn 0.000846 0.999297 -0.037472
vn 0.001173 0.998650 -0.051929
vn 0.001294 0.998358 -0.057272
vn 0.001172 0.998652 -0.051899
vn 0.001173 0.998650 -0.051929
vn 0.001291 0.998364 -0.057164
vn 0.002020 0.995992 -0.089416
vn 0.001294 0.998358 -0.057272
vn 0.001291 0.998364 -0.057164
vn 0.002006 0.996045 -0.088831
vn 0.002831 0.992106 -0.125366
vn 0.002020 0.995992 -0.089416
vn 0.002006 0.996045 -0.088831
vn 0.002822 0.992158 -0.124955
vn 0.001138 0.989256 -0.146186
vn 0.002831 0.992106 -0.125366
vn 0.002822 0.992158 -0.124955
vn -0.002012 0.989320 -0.145744
vn 0.001138 0.989256 -0.146186
vn -0.002012 0.989320 -0.145744
vn 0.264229 0.959765 -0.095051
vn 0.245502 0.969234 -0.017736
vn 0.108474 0.986440 0.123162
vn 0.245502 0.969234 -0.017736
vn 0.264229 0.959765 -0.095051
vn 0.318528 0.936087 0.149266
vn -0.057058 0.871823 0.486486
vn 0.108474 0.986440 0.123162
vn 0.318528 0.936087 0.149266
vn 0.085881 0.886670 0.454358
vn -0.204625 0.863793 0.460424
vn -0.057058 0.871823 0.486486
vn 0.085881 0.886670 0.454358
vn -0.046354 0.887035 0.459369
vn -0.314283 0.925074 0.213224
vn -0.204625 0.863793 0.460424
vn -0.046354 0.887035 0.459369
vn -0.180791 0.959028 0.218127
vn -0.359615 0.930174 -0.073842
vn -0.314283 0.925074 0.213224
vn -0.180791 0.959028 0.218127
vn -0.213289 0.975163 -0.059705
vn -0.342805 0.873932 -0.344568
vn -0.359615 0.930174 -0.073842
vn -0.213289 0.975163 -0.059705
vn -0.200164 0.925423 -0.321755
vn 0.562062 -0.819946 0.108511
vn 0.504186 -0.748258 0.431169
vn 0.462369 -0.774512 0.431679
vn 0.516849 -0.849570 0.105348
vn 0.557096 -0.796543 -0.234868
vn 0.562062 -0.819946 0.108511
vn 0.516849 -0.849570 0.105348
vn 0.513287 -0.824845 -0.236997
vn 0.517140 -0.673625 -0.528011
vn 0.557096 -0.796543 -0.234868
vn 0.513287 -0.824845 -0.236997
vn 0.483497 -0.709254 -0.513020
vn 0.604532 -0.519141 -0.604180
vn 0.517140 -0.673625 -0.528011
vn 0.483497 -0.709254 -0.513020
vn 0.605928 -0.583141 -0.541108
vn 0.978446 -0.202650 -0.039714
vn 0.604532 -0.519141 -0.604180
vn 0.605928 -0.583141 -0.541108
vn 0.949768 -0.310342 -0.040363
vn 0.982616 -0.167966 0.079076
vn 0.978446 -0.202650 -0.039714
vn 0.949768 -0.310342 -0.040363
vn 0.975510 -0.206937 0.074549
vn 0.975688 -0.205885 0.075127
vn 0.981988 -0.174062 0.073493
vn 0.982616 -0.167966 0.079076
vn 0.975510 -0.206937 0.074549
vn 0.971339 -0.215433 0.100442
vn 0.981988 -0.174062 0.073493
vn 0.975688 -0.205885 0.075127
vn 0.962000 -0.253909 0.100428
vn 0.961017 -0.261378 0.090159
vn 0.971339 -0.215433 0.100442
vn 0.962000 -0.253909 0.100428
vn 0.948101 -0.305396 0.088528
vn 0.948493 -0.307668 0.075503
vn 0.961017 -0.261378 0.090159
vn 0.948101 -0.305396 0.088528
vn 0.930838 -0.357966 0.073494
vn 0.929058 -0.356767 0.097815
vn 0.948493 -0.307668 0.075503
vn 0.930838 -0.357966 0.073494
vn 0.906082 -0.412512 0.094074
vn 0.913645 -0.399687 0.074186
vn 0.929058 -0.356767 0.097815
vn 0.906082 -0.412512 0.094074
vn 0.885224 -0.459556 0.072025
vn 0.908911 -0.416257 0.024730
vn 0.913645 -0.399687 0.074186
vn 0.885224 -0.459556 0.072025
vn 0.879270 -0.475616 0.025950
vn 0.000850 0.999291 -0.037634
vn 0.000518 0.999736 -0.022956
vn 0.000518 0.999736 -0.022956
vn 0.000848 0.999295 -0.037540
vn 0.001172 0.998653 -0.051882
vn 0.000850 0.999291 -0.037634
vn 0.000848 0.999295 -0.037540
vn 0.001172 0.998652 -0.051901
vn 0.001295 0.998354 -0.057334
vn 0.001172 0.998653 -0.051882
vn 0.001172 0.998652 -0.051901
vn 0.001294 0.998357 -0.057288
vn 0.002027 0.995961 -0.089761
vn 0.001295 0.998354 -0.057334
vn 0.001294 0.998357 -0.057288
vn 0.002023 0.995977 -0.089590
vn 0.002837 0.992077 -0.125602
vn 0.002027 0.995961 -0.089761
vn 0.002023 0.995977 -0.089590
vn 0.002835 0.992086 -0.125527
vn 0.003307 0.989215 -0.146436
vn 0.002837 0.992077 -0.125602
vn 0.002835 0.992086 -0.125527
vn 0.003306 0.989221 -0.146395
vn 0.003307 0.989215 -0.146436
vn 0.003306 0.989221 -0.146395
vn -0.000042 0.999998 0.001861
vn 0.000111 0.999988 -0.004902
vn -0.000341 0.996533 0.083200
vn 0.000111 0.999988 -0.004902
vn -0.000042 0.999998 0.001861
vn -0.045933 0.993623 0.102976
vn -0.191072 0.878385 0.438099
vn -0.000341 0.996533 0.083200
vn -0.045933 0.993623 0.102976
vn -0.290621 0.804614 0.517818
vn -0.057365 0.965529 0.253896
vn -0.191072 0.878385 0.438099
vn -0.290621 0.804614 0.517818
vn -0.416654 0.789160 0.451249
vn 0.039771 0.998569 0.035742
vn -0.057365 0.965529 0.253896
vn -0.416654 0.789160 0.451249
vn -0.469438 0.860523 0.197809
vn 0.078229 0.995110 -0.060303
vn 0.039771 0.998569 0.035742
vn -0.469438 0.860523 0.197809
vn -0.487874 0.868115 -0.091411
vn 0.013766 0.991398 -0.130159
vn 0.078229 0.995110 -0.060303
vn -0.487874 0.868115 -0.091411
vn -0.464802 0.806958 -0.364387
vn -0.335422 0.741734 -0.580795
vn -0.306403 0.766577 -0.564337
vn -0.220914 0.801116 -0.556246
vn -0.211956 0.805857 -0.552874
vn 0.545907 -0.090324 0.832963
vn 0.543823 0.029415 0.838685
vn 0.273700 0.941202 0.198060
vn 0.294813 0.933582 0.203742
vn -0.211956 0.805857 -0.552874
vn -0.220914 0.801116 -0.556246
vn -0.342805 0.873932 -0.344568
vn -0.200164 0.925423 -0.321755
vn -0.407506 0.695811 -0.591427
vn 0.000024 0.971039 -0.238922
vn 0.013766 0.991398 -0.130159
vn -0.464802 0.806958 -0.364387
vn 0.318132 -0.634935 0.704024
vn 0.343574 -0.640389 0.686919
vn 0.168875 -0.825628 0.538349
vn 0.178727 -0.809724 0.558930
vn 0.462369 -0.774512 0.431679
vn 0.390428 -0.687300 0.612523
vn 0.357428 -0.712877 0.603367
vn 0.353183 -0.844856 0.401845
vn 0.516849 -0.849570 0.105348
vn 0.462369 -0.774512 0.431679
vn 0.353183 -0.844856 0.401845
vn 0.387314 -0.917129 0.094137
vn 0.513287 -0.824845 -0.236997
vn 0.516849 -0.849570 0.105348
vn 0.387314 -0.917129 0.094137
vn 0.357686 -0.907485 -0.220301
vn 0.483497 -0.709254 -0.513020
vn 0.513287 -0.824845 -0.236997
vn 0.357686 -0.907485 -0.220301
vn 0.337407 -0.795607 -0.503156
vn 0.605928 -0.583141 -0.541108
vn 0.483497 -0.709254 -0.513020
vn 0.337407 -0.795607 -0.503156
vn 0.369147 -0.738748 -0.563899
vn 0.949768 -0.310342 -0.040363
vn 0.605928 -0.583141 -0.541108
vn 0.369147 -0.738748 -0.563899
vn 0.651042 -0.758738 -0.021471
vn 0.975510 -0.206937 0.074549
vn 0.949768 -0.310342 -0.040363
vn 0.651042 -0.758738 -0.021471
vn 0.709471 -0.685991 0.161453
vn 0.975688 -0.205885 0.075127
vn 0.975510 -0.206937 0.074549
vn 0.709471 -0.685991 0.161453
vn 0.735986 -0.666610 0.118138
vn 0.962000 -0.253909 0.100428
vn 0.975688 -0.205885 0.075127
vn 0.735986 -0.666610 0.118138
vn 0.651586 -0.746724 0.133564
vn 0.948101 -0.305396 0.088528
vn 0.962000 -0.253909 0.100428
vn 0.651586 -0.746724 0.133564
vn 0.581468 -0.807525 0.098984
vn 0.930838 -0.357966 0.073494
vn 0.948101 -0.305396 0.088528
vn 0.581468 -0.807525 0.098984
vn 0.516574 -0.853456 0.069024
vn 0.906082 -0.412512 0.094074
vn 0.930838 -0.357966 0.073494
vn 0.516574 -0.853456 0.069024
vn 0.451395 -0.889047 0.076401
vn 0.885224 -0.459556 0.072025
vn 0.906082 -0.412512 0.094074
vn 0.451395 -0.889047 0.076401
vn 0.417724 -0.906675 0.058710
vn 0.879270 -0.475616 0.025950
vn 0.885224 -0.459556 0.072025
vn 0.417724 -0.906675 0.058710
vn 0.392744 -0.919224 0.027939
vn 0.022588 0.000003 -0.999745
vn 0.022580 0.000005 -0.999745
vn 0.022580 0.000005 -0.999745
vn 0.022590 0.000002 -0.999745
vn 0.333533 -0.618124 0.711814
vn 0.352820 -0.631335 0.690604
vn 0.343574 -0.640389 0.686919
vn 0.318132 -0.634935 0.704024
vn 0.545907 -0.090324 0.832963
vn 0.352820 -0.631335 0.690604
vn 0.333533 -0.618124 0.711814
vn 0.543823 0.029415 0.838685
vn -0.487874 0.868115 -0.091411
vn -0.469438 0.860523 0.197809
vn -0.314283 0.925074 0.213224
vn -0.359615 0.930174 -0.073842
vn -0.469438 0.860523 0.197809
vn -0.416654 0.789160 0.451249
vn -0.204625 0.863793 0.460424
vn -0.314283 0.925074 0.213224
vn -0.416654 0.789160 0.451249
vn -0.290621 0.804614 0.517818
vn -0.057058 0.871823 0.486486
vn -0.204625 0.863793 0.460424
vn -0.290621 0.804614 0.517818
vn -0.045933 0.993623 0.102976
vn 0.108474 0.986440 0.123162
vn -0.057058 0.871823 0.486486
vn -0.045933 0.993623 0.102976
vn -0.000042 0.999998 0.001861
vn 0.245502 0.969234 -0.017736
vn 0.108474 0.986440 0.123162
vn 0.001138 0.989256 -0.146186
vn 0.245502 0.969234 -0.017736
vn -0.000042 0.999998 0.001861
vn 0.003306 0.989221 -0.146395
vn 0.003306 0.989221 -0.146395
vn 0.002835 0.992086 -0.125527
vn 0.002831 0.992106 -0.125366
vn 0.001138 0.989256 -0.146186
vn 0.002835 0.992086 -0.125527
vn 0.002023 0.995977 -0.089590
vn 0.002020 0.995992 -0.089416
vn 0.002831 0.992106 -0.125366
vn 0.002023 0.995977 -0.089590
vn 0.001294 0.998357 -0.057288
vn 0.001294 0.998358 -0.057272
vn 0.002020 0.995992 -0.089416
vn 0.001294 0.998357 -0.057288
vn 0.001172 0.998652 -0.051901
vn 0.001172 0.998652 -0.051899
vn 0.001294 0.998358 -0.057272
vn 0.001172 0.998652 -0.051901
vn 0.000848 0.999295 -0.037540
vn 0.000849 0.999293 -0.037582
vn 0.001172 0.998652 -0.051899
vn 0.000848 0.999295 -0.037540
vn 0.000518 0.999736 -0.022956
vn 0.000518 0.999736 -0.022956
vn 0.000849 0.999293 -0.037582
vn 0.022582 0.000000 -0.999745
vn 0.022581 0.000000 -0.999745
vn 0.022580 0.000000 -0.999745
vn 0.022580 0.000000 -0.999745
vn 0.392744 -0.919224 0.027939
vn 0.417724 -0.906675 0.058710
vn -0.000849 -0.999293 0.037582
vn -0.000518 -0.999736 0.022956
vn 0.417724 -0.906675 0.058710
vn 0.451395 -0.889047 0.076401
vn -0.001021 -0.998978 0.045191
vn -0.000849 -0.999293 0.037582
vn 0.451395 -0.889047 0.076401
vn 0.516574 -0.853456 0.069024
vn -0.001027 -0.998965 0.045474
vn -0.001021 -0.998978 0.045191
vn 0.516574 -0.853456 0.069024
vn 0.581468 -0.807525 0.098984
vn -0.001702 -0.997155 0.075356
vn -0.001027 -0.998965 0.045474
vn 0.581468 -0.807525 0.098984
vn 0.651586 -0.746724 0.133564
vn -0.002641 -0.993138 0.116918
vn -0.001702 -0.997155 0.075356
vn 0.651586 -0.746724 0.133564
vn 0.735986 -0.666610 0.118138
vn -0.047077 -0.991453 0.121673
vn -0.002641 -0.993138 0.116918
vn 0.134087 -0.984947 0.109089
vn -0.047077 -0.991453 0.121673
vn 0.735986 -0.666610 0.118138
vn 0.709471 -0.685991 0.161453
vn 0.709471 -0.685991 0.161453
vn 0.651042 -0.758738 -0.021471
vn 0.061846 -0.998080 -0.003263
vn 0.134087 -0.984947 0.109089
vn 0.651042 -0.758738 -0.021471
vn 0.369147 -0.738748 -0.563899
vn 0.052807 -0.844306 -0.533253
vn 0.061846 -0.998080 -0.003263
vn 0.369147 -0.738748 -0.563899
vn 0.337407 -0.795607 -0.503156
vn 0.070602 -0.871150 -0.485915
vn 0.052807 -0.844306 -0.533253
vn 0.337407 -0.795607 -0.503156
vn 0.357686 -0.907485 -0.220301
vn 0.072997 -0.978778 -0.191484
vn 0.070602 -0.871150 -0.485915
vn 0.357686 -0.907485 -0.220301
vn 0.387314 -0.917129 0.094137
vn 0.096234 -0.993431 0.061918
vn 0.072997 -0.978778 -0.191484
vn 0.387314 -0.917129 0.094137
vn 0.353183 -0.844856 0.401845
vn 0.131527 -0.943989 0.302631
vn 0.096234 -0.993431 0.061918
vn 0.353183 -0.844856 0.401845
vn 0.357428 -0.712877 0.603367
vn 0.178727 -0.809724 0.558930
vn 0.131527 -0.943989 0.302631
vn 0.390428 -0.687300 0.612523
vn 0.318132 -0.634935 0.704024
vn 0.178727 -0.809724 0.558930
vn 0.357428 -0.712877 0.603367
vn 0.425814 -0.645584 0.633959
vn 0.333533 -0.618124 0.711814
vn 0.318132 -0.634935 0.704024
vn 0.390428 -0.687300 0.612523
vn 0.543823 0.029415 0.838685
vn 0.333533 -0.618124 0.711814
vn 0.425814 -0.645584 0.633959
vn 0.518146 -0.481234 0.707064
vn 0.273700 0.941202 0.198060
vn 0.543823 0.029415 0.838685
vn 0.518146 -0.481234 0.707064
vn 0.258384 0.946384 0.193897
vn -0.220914 0.801116 -0.556246
vn -0.306403 0.766577 -0.564337
vn 0.000024 0.971039 -0.238922
vn -0.407506 0.695811 -0.591427
vn -0.342805 0.873932 -0.344568
vn -0.220914 0.801116 -0.556246
vn -0.407506 0.695811 -0.591427
vn -0.464802 0.806958 -0.364387
vn -0.464802 0.806958 -0.364387
vn -0.487874 0.868115 -0.091411
vn -0.359615 0.930174 -0.073842
vn -0.342805 0.873932 -0.344568
vn 0.022574 0.000003 -0.999745
vn 0.022578 0.000000 -0.999745
vn 0.022579 0.000000 -0.999745
vn 0.022570 0.000002 -0.999745
vn 0.000518 0.999736 -0.022956
vn 0.000842 0.999305 -0.037259
vn 0.000850 0.999291 -0.037634
vn 0.000518 0.999736 -0.022956
vn -0.909100 -0.416257 -0.016331
vn -0.916063 -0.399687 0.032861
vn -0.980796 -0.192886 0.028869
vn -0.979249 -0.201292 -0.023509
vn -0.562950 0.820359 0.100493
vn -0.510376 0.813763 0.278039
vn 0.010763 0.971039 -0.238680
vn -0.007876 0.991398 -0.130648
vn -0.617826 -0.649535 0.443165
vn -0.523138 -0.748258 0.407967
vn -0.454002 -0.645584 0.614087
vn -0.549540 -0.481234 0.682949
vn -0.523138 -0.748258 0.407967
vn -0.481387 -0.774512 0.410364
vn -0.417684 -0.687300 0.594271
vn -0.454002 -0.645584 0.614087
vn -0.563697 0.824868 -0.042880
vn -0.562950 0.820359 0.100493
vn -0.007876 0.991398 -0.130648
vn -0.075426 0.995110 -0.063773
vn -0.692426 -0.716237 0.086897
vn -0.566389 -0.819946 0.083024
vn -0.523138 -0.748258 0.407967
vn -0.617826 -0.649535 0.443165
vn -0.576877 0.802850 -0.150482
vn -0.563697 0.824868 -0.042880
vn -0.075426 0.995110 -0.063773
vn -0.041344 0.998569 0.033910
vn -0.679930 -0.668257 -0.301875
vn -0.545924 -0.796543 -0.259780
vn -0.566389 -0.819946 0.083024
vn -0.692426 -0.716237 0.086897
vn -0.646912 0.718661 -0.255012
vn -0.576877 0.802850 -0.150482
vn -0.041344 0.998569 0.033910
vn 0.045843 0.965529 0.256227
vn -0.615028 -0.512928 -0.598870
vn -0.492774 -0.673625 -0.550820
vn -0.545924 -0.796543 -0.259780
vn -0.679930 -0.668257 -0.301875
vn -0.632635 0.714611 -0.298503
vn -0.646912 0.718661 -0.255012
vn 0.045843 0.965529 0.256227
vn 0.171098 0.878385 0.446279
vn -0.919994 -0.081133 -0.383443
vn -0.576638 -0.519141 -0.630858
vn -0.492774 -0.673625 -0.550820
vn -0.615028 -0.512928 -0.598870
vn -0.064482 0.996140 0.059557
vn -0.632635 0.714611 -0.298503
vn 0.171098 0.878385 0.446279
vn -0.003416 0.996533 0.083130
vn -0.997956 -0.010486 -0.063045
vn -0.975655 -0.202650 -0.083848
vn -0.576638 -0.519141 -0.630858
vn -0.919994 -0.081133 -0.383443
vn 0.002012 0.996022 -0.089086
vn 0.002830 0.992114 -0.125307
vn 0.002837 0.992077 -0.125602
vn 0.002027 0.995961 -0.089761
vn -0.964107 -0.261378 0.046679
vn -0.974884 -0.215433 0.056486
vn -0.994114 -0.098618 0.044850
vn -0.991995 -0.120457 0.037891
vn 0.001291 0.998365 -0.057155
vn 0.002012 0.996022 -0.089086
vn 0.002027 0.995961 -0.089761
vn 0.001295 0.998354 -0.057334
vn -0.989238 -0.143893 0.026513
vn -0.950935 -0.307668 0.032603
vn -0.964107 -0.261378 0.046679
vn -0.991995 -0.120457 0.037891
vn 0.001173 0.998649 -0.051953
vn 0.001291 0.998365 -0.057155
vn 0.001295 0.998354 -0.057334
vn 0.001172 0.998653 -0.051882
vn -0.984247 -0.169330 0.050840
vn -0.932527 -0.356767 0.055770
vn -0.950935 -0.307668 0.032603
vn -0.989238 -0.143893 0.026513
vn 0.000842 0.999305 -0.037259
vn 0.001173 0.998649 -0.051953
vn 0.001172 0.998653 -0.051882
vn 0.000850 0.999291 -0.037634
vn -0.980796 -0.192886 0.028869
vn -0.916063 -0.399687 0.032861
vn -0.932527 -0.356767 0.055770
vn -0.984247 -0.169330 0.050840
vn -0.996739 -0.079003 0.016462
vn -0.984305 -0.174063 0.029083
vn -0.985184 -0.167966 0.034633
vn -0.996453 -0.077189 0.033506
vn 0.003307 0.989215 -0.146436
vn 0.003304 0.989239 -0.146275
vn -0.000416 0.999831 0.018403
vn 0.000111 0.999988 -0.004902
vn -0.996453 -0.077189 0.033506
vn -0.985184 -0.167966 0.034633
vn -0.975655 -0.202650 -0.083848
vn -0.997956 -0.010486 -0.063045
vn -0.000416 0.999831 0.018403
vn -0.064482 0.996140 0.059557
vn -0.003416 0.996533 0.083130
vn 0.000111 0.999988 -0.004902
vn -0.994114 -0.098618 0.044850
vn -0.974884 -0.215433 0.056486
vn -0.984305 -0.174063 0.029083
vn -0.996739 -0.079003 0.016462
vn 0.002830 0.992114 -0.125307
vn 0.003304 0.989239 -0.146275
vn 0.003307 0.989215 -0.146436
vn 0.002837 0.992077 -0.125602
vn -0.145056 -0.943989 0.296384
vn -0.144514 -0.948335 0.282446
vn -0.193008 -0.825628 0.530175
vn -0.203780 -0.809724 0.550291
vn -0.098932 -0.993431 0.057510
vn -0.097135 -0.994160 0.047030
vn -0.144514 -0.948335 0.282446
vn -0.145056 -0.943989 0.296384
vn -0.064278 -0.978778 -0.194584
vn -0.061874 -0.978466 -0.196917
vn -0.097135 -0.994160 0.047030
vn -0.098932 -0.993431 0.057510
vn -0.048592 -0.871150 -0.488607
vn -0.048441 -0.877570 -0.476995
vn -0.061874 -0.978466 -0.196917
vn -0.064278 -0.978778 -0.194584
vn -0.028678 -0.844306 -0.535094
vn -0.032648 -0.820665 -0.570476
vn -0.048441 -0.877570 -0.476995
vn -0.048592 -0.871150 -0.488607
vn -0.061636 -0.998080 -0.006052
vn -0.171532 -0.985116 -0.011073
vn -0.032648 -0.820665 -0.570476
vn -0.028678 -0.844306 -0.535094
vn -0.138875 -0.984947 0.102924
vn 0.013787 -0.994228 0.106396
vn -0.171532 -0.985116 -0.011073
vn -0.061636 -0.998080 -0.006052
vn 0.041536 -0.991453 0.123674
vn 0.105172 -0.986095 0.128669
vn 0.013787 -0.994228 0.106396
vn -0.138875 -0.984947 0.102924
vn -0.002641 -0.993138 0.116918
vn -0.002618 -0.993253 0.115936
vn 0.105172 -0.986095 0.128669
vn 0.041536 -0.991453 0.123674
vn -0.001702 -0.997155 0.075356
vn -0.001692 -0.997189 0.074909
vn -0.002618 -0.993253 0.115936
vn -0.002641 -0.993138 0.116918
vn -0.001027 -0.998965 0.045474
vn -0.001024 -0.998972 0.045325
vn -0.001692 -0.997189 0.074909
vn -0.001702 -0.997155 0.075356
vn -0.001021 -0.998978 0.045191
vn -0.001024 -0.998972 0.045331
vn -0.001024 -0.998972 0.045325
vn -0.001027 -0.998965 0.045474
vn -0.000849 -0.999293 0.037582
vn -0.000846 -0.999297 0.037472
vn -0.001024 -0.998972 0.045331
vn -0.001021 -0.998978 0.045191
vn -0.000518 -0.999736 0.022956
vn -0.000518 -0.999736 0.022956
vn -0.000846 -0.999297 0.037472
vn -0.000849 -0.999293 0.037582
vn 0.022580 0.000000 -0.999745
vn 0.022580 0.000000 -0.999745
vn 0.022580 0.000000 -0.999745
vn 0.022580 0.000000 -0.999745
vn 0.000849 0.999293 -0.037582
vn 0.000846 0.999297 -0.037472
vn 0.000518 0.999736 -0.022956
vn 0.000518 0.999736 -0.022956
vn 0.001172 0.998652 -0.051899
vn 0.001173 0.998650 -0.051929
vn 0.000846 0.999297 -0.037472
vn 0.000849 0.999293 -0.037582
vn 0.001294 0.998358 -0.057272
vn 0.001291 0.998364 -0.057164
vn 0.001173 0.998650 -0.051929
vn 0.001172 0.998652 -0.051899
vn 0.002020 0.995992 -0.089416
vn 0.002006 0.996045 -0.088831
vn 0.001291 0.998364 -0.057164
vn 0.001294 0.998358 -0.057272
vn 0.002831 0.992106 -0.125366
vn 0.002822 0.992158 -0.124955
vn 0.002006 0.996045 -0.088831
vn 0.002020 0.995992 -0.089416
vn 0.005463 0.989256 -0.146089
vn 0.008590 0.989320 -0.145504
vn 0.002822 0.992158 -0.124955
vn 0.002831 0.992106 -0.125366
vn -0.259668 0.959765 -0.106883
vn 0.008590 0.989320 -0.145504
vn 0.005463 0.989256 -0.146089
vn -0.244451 0.969234 -0.028802
vn -0.113924 0.986440 0.118139
vn -0.324942 0.936087 0.134733
vn -0.259668 0.959765 -0.106883
vn -0.244451 0.969234 -0.028802
vn 0.035036 0.871823 0.488566
vn -0.106306 0.886670 0.450017
vn -0.324942 0.936087 0.134733
vn -0.113924 0.986440 0.118139
vn 0.183630 0.863793 0.469193
vn 0.025567 0.887035 0.460994
vn -0.106306 0.886670 0.450017
vn 0.035036 0.871823 0.488566
vn 0.304336 0.925074 0.227196
vn 0.170759 0.959028 0.226067
vn 0.025567 0.887035 0.460994
vn 0.183630 0.863793 0.469193
vn 0.362583 0.930174 -0.057531
vn 0.215767 0.975163 -0.050015
vn 0.170759 0.959028 0.226067
vn 0.304336 0.925074 0.227196
vn 0.358012 0.873932 -0.328740
vn 0.214486 0.925423 -0.312390
vn 0.215767 0.975163 -0.050015
vn 0.362583 0.930174 -0.057531
vn -0.566389 -0.819946 0.083024
vn -0.521078 -0.849570 0.081906
vn -0.481387 -0.774512 0.410364
vn -0.523138 -0.748258 0.407967
vn -0.545924 -0.796543 -0.259780
vn -0.502064 -0.824845 -0.259930
vn -0.521078 -0.849570 0.081906
vn -0.566389 -0.819946 0.083024
vn -0.492774 -0.673625 -0.550820
vn -0.459842 -0.709254 -0.534325
vn -0.502064 -0.824845 -0.259930
vn -0.545924 -0.796543 -0.259780
vn -0.576638 -0.519141 -0.630858
vn -0.580881 -0.583141 -0.567912
vn -0.459842 -0.709254 -0.534325
vn -0.492774 -0.673625 -0.550820
vn -0.975655 -0.202650 -0.083848
vn -0.946977 -0.310342 -0.083202
vn -0.580881 -0.583141 -0.567912
vn -0.576638 -0.519141 -0.630858
vn -0.985184 -0.167966 0.034633
vn -0.977881 -0.206937 0.030430
vn -0.946977 -0.310342 -0.083202
vn -0.975655 -0.202650 -0.083848
vn -0.984305 -0.174063 0.029083
vn -0.978085 -0.205885 0.031000
vn -0.977881 -0.206937 0.030430
vn -0.985184 -0.167966 0.034633
vn -0.974884 -0.215433 0.056486
vn -0.965553 -0.253909 0.056893
vn -0.978085 -0.205885 0.031000
vn -0.984305 -0.174063 0.029083
vn -0.964107 -0.261378 0.046679
vn -0.951132 -0.305396 0.045632
vn -0.965553 -0.253909 0.056893
vn -0.974884 -0.215433 0.056486
vn -0.950935 -0.307668 0.032603
vn -0.933207 -0.357966 0.031393
vn -0.951132 -0.305396 0.045632
vn -0.964107 -0.261378 0.046679
vn -0.932527 -0.356767 0.055770
vn -0.909405 -0.412512 0.053070
vn -0.933207 -0.357966 0.031393
vn -0.950935 -0.307668 0.032603
vn -0.916063 -0.399687 0.032861
vn -0.887573 -0.459556 0.031985
vn -0.909405 -0.412512 0.053070
vn -0.932527 -0.356767 0.055770
vn -0.909100 -0.416257 -0.016331
vn -0.879545 -0.475616 -0.013774
vn -0.887573 -0.459556 0.031985
vn -0.916063 -0.399687 0.032861
vn 0.000850 0.999291 -0.037634
vn 0.000848 0.999295 -0.037540
vn 0.000518 0.999736 -0.022956
vn 0.000518 0.999736 -0.022956
vn 0.001172 0.998653 -0.051882
vn 0.001172 0.998652 -0.051901
vn 0.000848 0.999295 -0.037540
vn 0.000850 0.999291 -0.037634
vn 0.001295 0.998354 -0.057334
vn 0.001294 0.998357 -0.057288
vn 0.001172 0.998652 -0.051901
vn 0.001172 0.998653 -0.051882
vn 0.002027 0.995961 -0.089761
vn 0.002023 0.995977 -0.089590
vn 0.001294 0.998357 -0.057288
vn 0.001295 0.998354 -0.057334
vn 0.002837 0.992077 -0.125602
vn 0.002835 0.992086 -0.125527
vn 0.002023 0.995977 -0.089590
vn 0.002027 0.995961 -0.089761
vn 0.003307 0.989215 -0.146436
vn 0.003306 0.989221 -0.146395
vn 0.002835 0.992086 -0.125527
vn 0.002837 0.992077 -0.125602
vn 0.003306 0.989221 -0.146395
vn 0.003307 0.989215 -0.146436
vn 0.000111 0.999988 -0.004902
vn -0.000042 0.999998 0.001861
vn -0.003416 0.996533 0.083130
vn 0.041237 0.993623 0.104945
vn -0.000042 0.999998 0.001861
vn 0.000111 0.999988 -0.004902
vn 0.171098 0.878385 0.446279
vn 0.266946 0.804614 0.530411
vn 0.041237 0.993623 0.104945
vn -0.003416 0.996533 0.083130
vn 0.045843 0.965529 0.256227
vn 0.395856 0.789160 0.469600
vn 0.266946 0.804614 0.530411
vn 0.171098 0.878385 0.446279
vn -0.041344 0.998569 0.033910
vn 0.460029 0.860523 0.218801
vn 0.395856 0.789160 0.469600
vn 0.045843 0.965529 0.256227
vn -0.075426 0.995110 -0.063773
vn 0.491504 0.868115 -0.069292
vn 0.460029 0.860523 0.218801
vn -0.041344 0.998569 0.033910
vn -0.007876 0.991398 -0.130648
vn 0.480779 0.806958 -0.343030
vn 0.491504 0.868115 -0.069292
vn -0.075426 0.995110 -0.063773
vn 0.361302 0.741734 -0.565059
vn 0.236701 0.805857 -0.542741
vn 0.245803 0.801116 -0.545705
vn 0.331571 0.766577 -0.549928
vn -0.582957 -0.090324 0.807467
vn -0.303711 0.933582 0.190224
vn -0.282363 0.941202 0.185501
vn -0.581134 0.029415 0.813276
vn 0.236701 0.805857 -0.542741
vn 0.214486 0.925423 -0.312390
vn 0.358012 0.873932 -0.328740
vn 0.245803 0.801116 -0.545705
vn 0.433792 0.695811 -0.572426
vn 0.480779 0.806958 -0.343030
vn -0.007876 0.991398 -0.130648
vn 0.010763 0.971039 -0.238680
vn -0.349594 -0.634935 0.688942
vn -0.203780 -0.809724 0.550291
vn -0.193008 -0.825628 0.530175
vn -0.374238 -0.640389 0.670707
vn -0.481387 -0.774512 0.410364
vn -0.370965 -0.844857 0.385490
vn -0.384305 -0.712877 0.586614
vn -0.417684 -0.687300 0.594271
vn -0.521078 -0.849570 0.081906
vn -0.391169 -0.917129 0.076554
vn -0.370965 -0.844857 0.385490
vn -0.481387 -0.774512 0.410364
vn -0.502064 -0.824845 -0.259930
vn -0.347375 -0.907485 -0.236225
vn -0.391169 -0.917129 0.076554
vn -0.521078 -0.849570 0.081906
vn -0.459842 -0.709254 -0.534325
vn -0.314347 -0.795607 -0.517876
vn -0.347375 -0.907485 -0.236225
vn -0.502064 -0.824845 -0.259930
vn -0.580881 -0.583141 -0.567912
vn -0.343312 -0.738748 -0.579990
vn -0.314347 -0.795607 -0.517876
vn -0.459842 -0.709254 -0.534325
vn -0.946977 -0.310342 -0.083202
vn -0.649409 -0.758738 -0.050843
vn -0.343312 -0.738748 -0.579990
vn -0.580881 -0.583141 -0.567912
vn -0.977881 -0.206937 0.030430
vn -0.716037 -0.685991 0.129257
vn -0.649409 -0.758738 -0.050843
vn -0.946977 -0.310342 -0.083202
vn -0.716037 -0.685991 0.129257
vn -0.977881 -0.206937 0.030430
vn -0.978085 -0.205885 0.031000
vn -0.740569 -0.666610 0.084789
vn -0.965553 -0.253909 0.056893
vn -0.656952 -0.746724 0.104010
vn -0.740569 -0.666610 0.084789
vn -0.978085 -0.205885 0.031000
vn -0.951132 -0.305396 0.045632
vn -0.585344 -0.807525 0.072631
vn -0.656952 -0.746724 0.104010
vn -0.965553 -0.253909 0.056893
vn -0.933207 -0.357966 0.031393
vn -0.519164 -0.853456 0.045631
vn -0.585344 -0.807525 0.072631
vn -0.951132 -0.305396 0.045632
vn -0.909405 -0.412512 0.053070
vn -0.454384 -0.889048 0.055943
vn -0.519164 -0.853456 0.045631
vn -0.933207 -0.357966 0.031393
vn -0.887573 -0.459556 0.031985
vn -0.419949 -0.906675 0.039791
vn -0.454384 -0.889048 0.055943
vn -0.909405 -0.412512 0.053070
vn -0.879545 -0.475616 -0.013774
vn -0.393604 -0.919224 0.010179
vn -0.419949 -0.906675 0.039791
vn -0.887573 -0.459556 0.031985
vn 0.022574 0.000003 -0.999745
vn 0.022570 0.000002 -0.999745
vn 0.022588 0.000005 -0.999745
vn 0.022588 0.000005 -0.999745
vn -0.365331 -0.618123 0.696029
vn -0.349594 -0.634935 0.688942
vn -0.374238 -0.640389 0.670707
vn -0.383640 -0.631334 0.673971
vn -0.582957 -0.090324 0.807467
vn -0.581134 0.029415 0.813276
vn -0.365331 -0.618123 0.696029
vn -0.383640 -0.631334 0.673971
vn 0.491504 0.868115 -0.069292
vn 0.362583 0.930174 -0.057531
vn 0.304336 0.925074 0.227196
vn 0.460029 0.860523 0.218801
vn 0.460029 0.860523 0.218801
vn 0.304336 0.925074 0.227196
vn 0.183630 0.863793 0.469193
vn 0.395856 0.789160 0.469600
vn 0.395856 0.789160 0.469600
vn 0.183630 0.863793 0.469193
vn 0.035036 0.871823 0.488566
vn 0.266946 0.804614 0.530411
vn 0.266946 0.804614 0.530411
vn 0.035036 0.871823 0.488566
vn -0.113924 0.986440 0.118139
vn 0.041237 0.993623 0.104945
vn 0.041237 0.993623 0.104945
vn -0.113924 0.986440 0.118139
vn -0.244451 0.969234 -0.028802
vn -0.000042 0.999998 0.001861
vn 0.003306 0.989221 -0.146395
vn -0.000042 0.999998 0.001861
vn -0.244451 0.969234 -0.028802
vn 0.005463 0.989256 -0.146089
vn 0.003306 0.989221 -0.146395
vn 0.005463 0.989256 -0.146089
vn 0.002831 0.992106 -0.125366
vn 0.002835 0.992086 -0.125527
vn 0.002835 0.992086 -0.125527
vn 0.002831 0.992106 -0.125366
vn 0.002020 0.995992 -0.089416
vn 0.002023 0.995977 -0.089590
vn 0.002023 0.995977 -0.089590
vn 0.002020 0.995992 -0.089416
vn 0.001294 0.998358 -0.057272
vn 0.001294 0.998357 -0.057288
vn 0.001294 0.998357 -0.057288
vn 0.001294 0.998358 -0.057272
vn 0.001172 0.998652 -0.051899
vn 0.001172 0.998652 -0.051901
vn 0.001172 0.998652 -0.051901
vn 0.001172 0.998652 -0.051899
vn 0.000849 0.999293 -0.037582
vn 0.000848 0.999295 -0.037540
vn 0.000848 0.999295 -0.037540
vn 0.000849 0.999293 -0.037582
vn 0.000518 0.999736 -0.022956
vn 0.000518 0.999736 -0.022956
vn 0.022578 0.000000 -0.999745
vn 0.022580 0.000000 -0.999745
vn 0.022580 0.000000 -0.999745
vn 0.022579 0.000000 -0.999745
vn -0.393604 -0.919224 0.010179
vn -0.000518 -0.999736 0.022956
vn -0.000849 -0.999293 0.037582
vn -0.419949 -0.906675 0.039791
vn -0.419949 -0.906675 0.039791
vn -0.000849 -0.999293 0.037582
vn -0.001021 -0.998978 0.045191
vn -0.454384 -0.889048 0.055943
vn -0.454384 -0.889048 0.055943
vn -0.001021 -0.998978 0.045191
vn -0.001027 -0.998965 0.045474
vn -0.519164 -0.853456 0.045631
vn -0.519164 -0.853456 0.045631
vn -0.001027 -0.998965 0.045474
vn -0.001702 -0.997155 0.075356
vn -0.585344 -0.807525 0.072631
vn -0.585344 -0.807525 0.072631
vn -0.001702 -0.997155 0.075356
vn -0.002641 -0.993138 0.116918
vn -0.656952 -0.746724 0.104010
vn -0.656952 -0.746724 0.104010
vn -0.002641 -0.993138 0.116918
vn 0.041536 -0.991453 0.123674
vn -0.740569 -0.666610 0.084789
vn -0.716037 -0.685991 0.129257
vn -0.740569 -0.666610 0.084789
vn 0.041536 -0.991453 0.123674
vn -0.138875 -0.984947 0.102924
vn -0.716037 -0.685991 0.129257
vn -0.138875 -0.984947 0.102924
vn -0.061636 -0.998080 -0.006052
vn -0.649409 -0.758738 -0.050843
vn -0.649409 -0.758738 -0.050843
vn -0.061636 -0.998080 -0.006052
vn -0.028678 -0.844306 -0.535094
vn -0.343312 -0.738748 -0.579990
vn -0.343312 -0.738748 -0.579990
vn -0.028678 -0.844306 -0.535094
vn -0.048592 -0.871150 -0.488607
vn -0.314347 -0.795607 -0.517876
vn -0.314347 -0.795607 -0.517876
vn -0.048592 -0.871150 -0.488607
vn -0.064278 -0.978778 -0.194584
vn -0.347375 -0.907485 -0.236225
vn -0.347375 -0.907485 -0.236225
vn -0.064278 -0.978778 -0.194584
vn -0.098932 -0.993431 0.057510
vn -0.391169 -0.917129 0.076554
vn -0.391169 -0.917129 0.076554
vn -0.098932 -0.993431 0.057510
vn -0.145056 -0.943989 0.296384
vn -0.370965 -0.844857 0.385490
vn -0.370965 -0.844857 0.385490
vn -0.145056 -0.943989 0.296384
vn -0.203780 -0.809724 0.550291
vn -0.384305 -0.712877 0.586614
vn -0.417684 -0.687300 0.594271
vn -0.384305 -0.712877 0.586614
vn -0.203780 -0.809724 0.550291
vn -0.349594 -0.634935 0.688942
vn -0.454002 -0.645584 0.614087
vn -0.417684 -0.687300 0.594271
vn -0.349594 -0.634935 0.688942
vn -0.365331 -0.618123 0.696029
vn -0.581134 0.029415 0.813276
vn -0.549540 -0.481234 0.682949
vn -0.454002 -0.645584 0.614087
vn -0.365331 -0.618123 0.696029
vn -0.282363 0.941202 0.185501
vn -0.266874 0.946384 0.182033
vn -0.549540 -0.481234 0.682949
vn -0.581134 0.029415 0.813276
vn 0.245803 0.801116 -0.545705
vn 0.433792 0.695811 -0.572426
vn 0.010763 0.971039 -0.238680
vn 0.331571 0.766577 -0.549928
vn 0.358012 0.873932 -0.328740
vn 0.480779 0.806958 -0.343030
vn 0.433792 0.695811 -0.572426
vn 0.245803 0.801116 -0.545705
vn 0.480779 0.806958 -0.343030
vn 0.358012 0.873932 -0.328740
vn 0.362583 0.930174 -0.057531
vn 0.491504 0.868115 -0.069292
s off
g spoon1_pCube1 spoon12_initialShadingGroup polySurface1
usemtl initialShadingGroup
f 386/473/533 420/507/534 327/411/535 328/413/536
f 299/369/537 386/473/538 387/474/539 310/391/540
f 385/472/541 299/369/542 310/390/543 384/470/544
f 301/373/545 399/486/546 371/457/547 300/370/548
f 301/372/549 300/371/550 403/490/551 372/458/552
f 372/458/553 403/490/554 406/493/555 407/494/556
f 302/375/557 398/485/558 399/486/559 301/373/560
f 302/374/561 301/372/562 372/458/563 373/459/564
f 303/377/565 397/484/566 398/485/567 302/375/568
f 303/376/569 302/374/570 373/459/571 374/460/572
f 304/379/573 396/483/574 397/484/575 303/377/576
f 304/378/577 303/376/578 374/460/579 375/461/580
f 305/381/581 395/482/582 396/483/583 304/379/584
f 305/380/585 304/378/586 375/461/587 376/462/588
f 306/383/589 394/481/590 395/482/591 305/381/592
f 306/382/593 305/380/594 376/462/595 377/463/596
f 307/385/597 390/477/598 391/478/599 313/397/600
f 381/467/601 307/384/602 313/396/603 380/466/604
f 308/387/605 389/476/606 390/477/607 307/385/608
f 308/386/609 307/384/610 381/467/611 382/468/612
f 309/389/613 388/475/614 389/476/615 308/387/616
f 309/388/617 308/386/618 382/468/619 383/469/620
f 310/391/621 387/474/622 388/475/623 309/389/624
f 310/390/625 309/388/626 383/469/627 384/470/628
f 379/465/629 311/392/630 312/394/631 378/464/632
f 311/393/633 392/479/634 393/480/635 312/395/636
f 312/394/637 306/382/638 377/463/639 378/464/640
f 312/395/641 393/480/642 394/481/643 306/383/644
f 313/396/645 311/392/646 379/465/647 380/466/648
f 313/397/649 391/478/650 392/479/651 311/393/652
f 449/538/653 450/539/654 405/492/655 343/428/656
f 448/537/657 449/538/658 343/428/659 344/429/660
f 447/536/661 448/537/662 344/429/663 345/430/664
f 446/535/665 447/536/666 345/430/667 346/431/668
f 445/534/669 446/535/670 346/431/671 347/432/672
f 444/533/673 445/534/674 347/432/675 348/433/676
f 443/532/677 444/533/678 348/433/679 349/434/680
f 349/434/681 350/435/682 442/531/683 443/532/684
f 441/530/685 442/531/686 350/435/687 351/436/688
f 440/529/689 441/530/690 351/436/691 352/437/692
f 439/528/693 440/529/694 352/437/695 353/438/696
f 438/527/697 439/528/698 353/438/699 354/439/700
f 437/526/701 438/527/702 354/439/703 355/440/704
f 436/525/705 437/526/706 355/440/707 356/442/708
f 435/523/709 436/524/710 356/441/711 357/443/712
f 434/522/713 435/523/714 357/443/715 358/444/716
f 433/521/717 434/522/718 358/444/719 359/445/720
f 432/520/721 433/521/722 359/445/723 360/446/724
f 431/519/725 432/520/726 360/446/727 361/447/728
f 430/518/729 431/519/730 361/447/731 362/448/732
f 429/517/733 430/518/734 362/448/735 363/449/736
f 429/517/737 363/449/738 364/450/739 428/516/740
f 427/515/741 428/516/742 364/450/743 365/451/744
f 426/514/745 427/515/746 365/451/747 366/452/748
f 425/513/749 426/514/750 366/452/751 367/453/752
f 424/512/753 425/513/754 367/453/755 368/454/756
f 423/511/757 424/512/758 368/454/759 369/455/760
f 456/545/761 423/511/762 369/455/763 370/456/764
f 373/459/765 372/458/766 407/494/767 408/495/768
f 374/460/769 373/459/770 408/495/771 409/496/772
f 375/461/773 374/460/774 409/496/775 410/497/776
f 376/462/777 375/461/778 410/497/779 411/498/780
f 377/463/781 376/462/782 411/498/783 412/499/784
f 378/464/785 377/463/786 412/499/787 413/500/788
f 414/501/789 379/465/790 378/464/791 413/500/792
f 380/466/793 379/465/794 414/501/795 415/502/796
f 381/467/797 380/466/798 415/502/799 416/503/800
f 382/468/801 381/467/802 416/503/803 417/504/804
f 383/469/805 382/468/806 417/504/807 418/505/808
f 384/470/809 383/469/810 418/505/811 419/506/812
f 385/472/813 384/470/814 419/506/815 420/508/816
f 387/474/817 386/473/818 328/413/819 329/414/820
f 388/475/821 387/474/822 329/414/823 330/415/824
f 389/476/825 388/475/826 330/415/827 331/416/828
f 390/477/829 389/476/830 331/416/831 332/417/832
f 391/478/833 390/477/834 332/417/835 333/418/836
f 392/479/837 391/478/838 333/418/839 334/419/840
f 392/479/841 334/419/842 335/420/843 393/480/844
f 394/481/845 393/480/846 335/420/847 336/421/848
f 395/482/849 394/481/850 336/421/851 337/422/852
f 396/483/853 395/482/854 337/422/855 338/423/856
f 397/484/857 396/483/858 338/423/859 339/424/860
f 398/485/861 397/484/862 339/424/863 340/425/864
f 399/486/865 398/485/866 340/425/867 341/426/868
f 342/427/869 454/543/870 455/544/871 401/488/872
f 400/487/873 453/542/874 454/543/875 342/427/876
f 401/488/877 455/544/878 456/545/879 370/456/880
f 402/489/881 371/457/882 399/486/883 341/426/884
f 451/540/885 421/509/886 405/492/887 450/539/888
f 407/494/889 406/493/890 404/491/891 314/398/892
f 408/495/893 407/494/894 314/398/895 315/399/896
f 409/496/897 408/495/898 315/399/899 316/400/900
f 410/497/901 409/496/902 316/400/903 317/401/904
f 411/498/905 410/497/906 317/401/907 318/402/908
f 412/499/909 411/498/910 318/402/911 319/403/912
f 413/500/913 412/499/914 319/403/915 320/404/916
f 414/501/917 413/500/918 320/404/919 321/405/920
f 415/502/921 414/501/922 321/405/923 322/406/924
f 416/503/925 415/502/926 322/406/927 323/407/928
f 417/504/929 416/503/930 323/407/931 324/408/932
f 418/505/933 417/504/934 324/408/935 325/409/936
f 419/506/937 418/505/938 325/409/939 326/410/940
f 420/508/941 419/506/942 326/410/943 327/412/944
f 386/473/945 299/369/946 385/471/947 420/507/948
f 452/541/949 422/510/950 421/509/951 451/540/952
f 400/487/953 422/510/954 452/541/955 453/542/956
f 340/425/957 339/424/958 424/512/959 423/511/960
f 339/424/961 338/423/962 425/513/963 424/512/964
f 338/423/965 337/422/966 426/514/967 425/513/968
f 337/422/969 336/421/970 427/515/971 426/514/972
f 336/421/973 335/420/974 428/516/975 427/515/976
f 429/517/977 428/516/978 335/420/979 334/419/980
f 334/419/981 333/418/982 430/518/983 429/517/984
f 333/418/985 332/417/986 431/519/987 430/518/988
f 332/417/989 331/416/990 432/520/991 431/519/992
f 331/416/993 330/415/994 433/521/995 432/520/996
f 330/415/997 329/414/998 434/522/999 433/521/1000
f 329/414/1001 328/413/1002 435/523/1003 434/522/1004
f 328/413/1005 327/411/1006 436/524/1007 435/523/1008
f 327/412/1009 326/410/1010 437/526/1011 436/525/1012
f 326/410/1013 325/409/1014 438/527/1015 437/526/1016
f 325/409/1017 324/408/1018 439/528/1019 438/527/1020
f 324/408/1021 323/407/1022 440/529/1023 439/528/1024
f 323/407/1025 322/406/1026 441/530/1027 440/529/1028
f 322/406/1029 321/405/1030 442/531/1031 441/530/1032
f 443/532/1033 442/531/1034 321/405/1035 320/404/1036
f 320/404/1037 319/403/1038 444/533/1039 443/532/1040
f 319/403/1041 318/402/1042 445/534/1043 444/533/1044
f 318/402/1045 317/401/1046 446/535/1047 445/534/1048
f 317/401/1049 316/400/1050 447/536/1051 446/535/1052
f 316/400/1053 315/399/1054 448/537/1055 447/536/1056
f 315/399/1057 314/398/1058 449/538/1059 448/537/1060
f 314/398/1061 404/491/1062 450/539/1063 449/538/1064
f 406/493/1065 451/540/1066 450/539/1067 404/491/1068
f 403/490/1069 452/541/1070 451/540/1071 406/493/1072
f 453/542/1073 452/541/1074 403/490/1075 300/370/1076
f 454/543/1077 453/542/1078 300/370/1079 371/457/1080
f 455/544/1081 454/543/1082 371/457/1083 402/489/1084
f 456/545/1085 455/544/1086 402/489/1087 341/426/1088
f 341/426/1089 340/425/1090 423/511/1091 456/545/1092
f 457/546/1093 460/549/1094 459/548/1095 458/547/1096
f 461/550/1097 463/552/1098 462/551/1099 457/546/1100
f 464/553/1101 465/555/1102 463/554/1103 461/550/1104
f 466/556/1105 469/559/1106 468/558/1107 467/557/1108
f 466/560/1109 471/563/1110 470/562/1111 469/561/1112
f 471/563/1113 473/565/1114 472/564/1115 470/562/1116
f 474/566/1117 466/556/1118 467/557/1119 475/567/1120
f 474/568/1121 476/569/1122 471/563/1123 466/560/1124
f 477/570/1125 474/566/1126 475/567/1127 478/571/1128
f 477/572/1129 479/573/1130 476/569/1131 474/568/1132
f 480/574/1133 477/570/1134 478/571/1135 481/575/1136
f 480/576/1137 482/577/1138 479/573/1139 477/572/1140
f 483/578/1141 480/574/1142 481/575/1143 484/579/1144
f 483/580/1145 485/581/1146 482/577/1147 480/576/1148
f 486/582/1149 483/578/1150 484/579/1151 487/583/1152
f 486/584/1153 488/585/1154 485/581/1155 483/580/1156
f 489/586/1157 492/589/1158 491/588/1159 490/587/1160
f 493/590/1161 494/593/1162 492/592/1163 489/591/1164
f 495/594/1165 489/586/1166 490/587/1167 496/595/1168
f 495/596/1169 497/597/1170 493/590/1171 489/591/1172
f 498/598/1173 495/594/1174 496/595/1175 499/599/1176
f 498/600/1177 500/601/1178 497/597/1179 495/596/1180
f 463/552/1181 498/598/1182 499/599/1183 462/551/1184
f 463/554/1185 465/555/1186 500/601/1187 498/600/1188
f 502/603/1189 501/602/1190 505/607/1191 504/606/1192
f 503/605/1193 502/604/1194 504/608/1195 506/609/1196
f 504/606/1197 505/607/1198 488/585/1199 486/584/1200
f 504/608/1201 486/582/1202 487/583/1203 506/609/1204
f 492/592/1205 494/593/1206 501/602/1207 502/603/1208
f 492/589/1209 502/604/1210 503/605/1211 491/588/1212
f 507/610/1213 343/613/1214 405/612/1215 508/611/1216
f 509/614/1217 344/615/1218 343/613/1219 507/610/1220
f 510/616/1221 345/617/1222 344/615/1223 509/614/1224
f 511/618/1225 346/619/1226 345/617/1227 510/616/1228
f 512/620/1229 347/621/1230 346/619/1231 511/618/1232
f 513/622/1233 348/623/1234 347/621/1235 512/620/1236
f 514/624/1237 349/625/1238 348/623/1239 513/622/1240
f 515/626/1241 350/627/1242 349/625/1243 514/624/1244
f 516/628/1245 351/629/1246 350/627/1247 515/626/1248
f 517/630/1249 352/631/1250 351/629/1251 516/628/1252
f 518/632/1253 353/633/1254 352/631/1255 517/630/1256
f 519/634/1257 354/635/1258 353/633/1259 518/632/1260
f 520/636/1261 355/637/1262 354/635/1263 519/634/1264
f 521/638/1265 356/639/1266 355/637/1267 520/636/1268
f 522/640/1269 357/643/1270 356/642/1271 521/641/1272
f 523/644/1273 358/645/1274 357/643/1275 522/640/1276
f 524/646/1277 359/647/1278 358/645/1279 523/644/1280
f 525/648/1281 360/649/1282 359/647/1283 524/646/1284
f 526/650/1285 361/651/1286 360/649/1287 525/648/1288
f 527/652/1289 362/653/1290 361/651/1291 526/650/1292
f 528/654/1293 363/655/1294 362/653/1295 527/652/1296
f 364/656/1297 363/655/1298 528/654/1299 530/658/1300
f 529/657/1301 365/659/1302 364/656/1303 530/658/1304
f 531/660/1305 366/661/1306 365/659/1307 529/657/1308
f 532/662/1309 367/663/1310 366/661/1311 531/660/1312
f 533/664/1313 368/665/1314 367/663/1315 532/662/1316
f 534/666/1317 369/667/1318 368/665/1319 533/664/1320
f 535/668/1321 370/669/1322 369/667/1323 534/666/1324
f 476/569/1325 536/670/1326 473/565/1327 471/563/1328
f 479/573/1329 537/671/1330 536/670/1331 476/569/1332
f 482/577/1333 538/672/1334 537/671/1335 479/573/1336
f 485/581/1337 539/673/1338 538/672/1339 482/577/1340
f 488/585/1341 540/674/1342 539/673/1343 485/581/1344
f 505/607/1345 541/675/1346 540/674/1347 488/585/1348
f 501/602/1349 542/676/1350 541/675/1351 505/607/1352
f 494/593/1353 543/677/1354 542/676/1355 501/602/1356
f 493/590/1357 544/678/1358 543/677/1359 494/593/1360
f 497/597/1361 545/679/1362 544/678/1363 493/590/1364
f 500/601/1365 546/680/1366 545/679/1367 497/597/1368
f 465/555/1369 547/681/1370 546/680/1371 500/601/1372
f 464/553/1373 458/682/1374 547/681/1375 465/555/1376
f 462/551/1377 548/683/1378 460/549/1379 457/546/1380
f 499/599/1381 549/684/1382 548/683/1383 462/551/1384
f 496/595/1385 550/685/1386 549/684/1387 499/599/1388
f 490/587/1389 551/686/1390 550/685/1391 496/595/1392
f 491/588/1393 552/687/1394 551/686/1395 490/587/1396
f 503/605/1397 553/688/1398 552/687/1399 491/588/1400
f 553/688/1401 503/605/1402 506/609/1403 554/689/1404
f 487/583/1405 555/690/1406 554/689/1407 506/609/1408
f 484/579/1409 556/691/1410 555/690/1411 487/583/1412
f 481/575/1413 557/692/1414 556/691/1415 484/579/1416
f 478/571/1417 558/693/1418 557/692/1419 481/575/1420
f 475/567/1421 559/694/1422 558/693/1423 478/571/1424
f 467/557/1425 560/695/1426 559/694/1427 475/567/1428
f 342/696/1429 401/699/1430 562/698/1431 561/697/1432
f 400/700/1433 342/696/1434 561/697/1435 563/701/1436
f 401/699/1437 370/669/1438 535/668/1439 562/698/1440
f 564/702/1441 560/695/1442 467/557/1443 468/558/1444
f 565/703/1445 508/611/1446 405/612/1447 421/704/1448
f 473/565/1449 567/706/1450 566/705/1451 472/564/1452
f 536/670/1453 568/707/1454 567/706/1455 473/565/1456
f 537/671/1457 569/708/1458 568/707/1459 536/670/1460
f 538/672/1461 570/709/1462 569/708/1463 537/671/1464
f 539/673/1465 571/710/1466 570/709/1467 538/672/1468
f 540/674/1469 572/711/1470 571/710/1471 539/673/1472
f 541/675/1473 573/712/1474 572/711/1475 540/674/1476
f 573/712/1477 541/675/1478 542/676/1479 574/713/1480
f 543/677/1481 575/714/1482 574/713/1483 542/676/1484
f 544/678/1485 576/715/1486 575/714/1487 543/677/1488
f 545/679/1489 577/716/1490 576/715/1491 544/678/1492
f 546/680/1493 578/717/1494 577/716/1495 545/679/1496
f 547/681/1497 579/718/1498 578/717/1499 546/680/1500
f 458/682/1501 459/719/1502 579/718/1503 547/681/1504
f 457/546/1505 458/547/1506 464/720/1507 461/550/1508
f 580/721/1509 565/703/1510 421/704/1511 422/722/1512
f 400/700/1513 563/701/1514 580/721/1515 422/722/1516
f 559/694/1517 534/666/1518 533/664/1519 558/693/1520
f 558/693/1521 533/664/1522 532/662/1523 557/692/1524
f 557/692/1525 532/662/1526 531/660/1527 556/691/1528
f 556/691/1529 531/660/1530 529/657/1531 555/690/1532
f 555/690/1533 529/657/1534 530/658/1535 554/689/1536
f 553/688/1537 554/689/1538 530/658/1539 528/654/1540
f 553/688/1541 528/654/1542 527/652/1543 552/687/1544
f 552/687/1545 527/652/1546 526/650/1547 551/686/1548
f 551/686/1549 526/650/1550 525/648/1551 550/685/1552
f 550/685/1553 525/648/1554 524/646/1555 549/684/1556
f 549/684/1557 524/646/1558 523/644/1559 548/683/1560
f 548/683/1561 523/644/1562 522/640/1563 460/549/1564
f 460/549/1565 522/640/1566 521/641/1567 459/548/1568
f 459/719/1569 521/638/1570 520/636/1571 579/718/1572
f 579/718/1573 520/636/1574 519/634/1575 578/717/1576
f 578/717/1577 519/634/1578 518/632/1579 577/716/1580
f 577/716/1581 518/632/1582 517/630/1583 576/715/1584
f 576/715/1585 517/630/1586 516/628/1587 575/714/1588
f 575/714/1589 516/628/1590 515/626/1591 574/713/1592
f 573/712/1593 574/713/1594 515/626/1595 514/624/1596
f 573/712/1597 514/624/1598 513/622/1599 572/711/1600
f 572/711/1601 513/622/1602 512/620/1603 571/710/1604
f 571/710/1605 512/620/1606 511/618/1607 570/709/1608
f 570/709/1609 511/618/1610 510/616/1611 569/708/1612
f 569/708/1613 510/616/1614 509/614/1615 568/707/1616
f 568/707/1617 509/614/1618 507/610/1619 567/706/1620
f 567/706/1621 507/610/1622 508/611/1623 566/705/1624
f 472/564/1625 566/705/1626 508/611/1627 565/703/1628
f 470/562/1629 472/564/1630 565/703/1631 580/721/1632
f 563/701/1633 469/559/1634 470/562/1635 580/721/1636
f 561/697/1637 468/558/1638 469/559/1639 563/701/1640
f 562/698/1641 564/702/1642 468/558/1643 561/697/1644
f 535/668/1645 560/695/1646 564/702/1647 562/698/1648
f 560/695/1649 535/668/1650 534/666/1651 559/694/1652
